"","Mini","Site","Point","Sample","Branching_density","Broken_density","D_bin","D_gray","L","I","S","Old_density","Sphericity","DR1","DR2","DR3","Alive","Dead","Total","Alive_Density","Total_Density","Alive_Total","Dry_weight"
"1","MBE_1","Belle-ile","Belle-ile 1",1,5.8,0,1.1231,2.6562,12.8533333333333,9.14333333333333,8.30333333333333,1311,0.83713379379655,0.646006224066391,0.815384615384614,0.711358921161827,252,2587,2839,16128,181696,0.088763649,183.61
"2","MBE_1","Belle-ile","Belle-ile 1",2,1,0,1.0654,2.6463,16.0766666666667,7.88333333333333,5.39333333333333,1311,0.612260453990944,0.335475844909806,0.766926677067084,0.490358697905867,252,2587,2839,16128,181696,0.088763649,183.61
"3","MBE_1","Belle-ile","Belle-ile 1",3,3,0.2,1.0722,2.645,15.3,8.10333333333333,7.19,1311,0.747080754306585,0.469934640522876,0.887381833127826,0.529629629629629,252,2587,2839,16128,181696,0.088763649,183.61
"4","MBE_1","Belle-ile","Belle-ile 1",4,4.8,0.4,1.1078,2.6492,12.9166666666667,8.47666666666667,6.20333333333333,1311,0.705707760155332,0.480258064516128,0.661370407149951,0.656258064516128,252,2587,2839,16128,181696,0.088763649,183.61
"5","MBE_1","Belle-ile","Belle-ile 1",5,4.2,0,1.1305,2.7019,24.5466666666667,14.5233333333333,8.97,1311,0.608847721701924,0.36542639869636,0.643483843355449,0.591662140141225,252,2587,2839,16128,181696,0.088763649,183.61
"6","MBE_1","Belle-ile","Belle-ile 1",6,3,0.4,1.1198,2.6641,16.3566666666667,9.41666666666667,6.78333333333333,1311,0.668494911264417,0.414713674342775,0.724930362116992,0.575708171999184,252,2587,2839,16128,181696,0.088763649,183.61
"7","MBE_1","Belle-ile","Belle-ile 1",7,7.4,0.2,1.1623,2.6607,13.76,8.82666666666667,7.80333333333333,1311,0.794416738056447,0.567102713178294,0.828203693340794,0.641472868217055,252,2587,2839,16128,181696,0.088763649,183.61
"8","MBE_1","Belle-ile","Belle-ile 1",8,2,0,1.1924,2.6764,32.5533333333333,21.6266666666667,15.69,1311,0.704509648267689,0.481978292033586,0.647954141134609,0.664345689125539,252,2587,2839,16128,181696,0.088763649,183.61
"9","MBE_1","Belle-ile","Belle-ile 1",9,6,0,1.1128,2.6265,13.3833333333333,10.8666666666667,6.60666666666667,1311,0.669526930195164,0.49364881693649,0.371372356123947,0.811955168119556,252,2587,2839,16128,181696,0.088763649,183.61
"10","MBE_1","Belle-ile","Belle-ile 1",10,2,0.2,1.0711,2.6413,11.9166666666667,8.39,5.24,1311,0.650002869537986,0.439720279720278,0.528207688467301,0.704055944055942,252,2587,2839,16128,181696,0.088763649,183.61
"11","MBE_1","Belle-ile","Belle-ile 1",11,1.8,0,1.0688,2.6475,16.6466666666667,7.85666666666667,3.76666666666667,1311,0.476924451396443,0.226271525830997,0.682453416149069,0.471966359631557,252,2587,2839,16128,181696,0.088763649,183.61
"12","MBE_1","Belle-ile","Belle-ile 1",12,0.6,0,1.0698,2.6741,18.5833333333333,9.33333333333333,6.50333333333333,1311,0.624746567332183,0.349955156950673,0.765728476821191,0.502242152466368,252,2587,2839,16128,181696,0.088763649,183.61
"13","MBE_2","Belle-ile","Belle-ile 2",1,4,0.6,1.1492,2.6401,13.4333333333333,10.6333333333333,6.31333333333333,1311,0.653463608584218,0.469975186104219,0.393258426966294,0.791563275434243,219,1217,1436,14016,91904,0.152506964,174.47
"14","MBE_2","Belle-ile","Belle-ile 2",2,4.4,0,1.1102,2.6501,12.6266666666667,10.9533333333333,7.04666666666667,1311,0.710740088733864,0.558078141499471,0.299880525686988,0.867476240760291,219,1217,1436,14016,91904,0.152506964,174.47
"15","MBE_2","Belle-ile","Belle-ile 2",3,2,0.2,1.0906,2.6397,11.54,8.76666666666667,4.14666666666667,1311,0.553927146846238,0.359329867128828,0.375112714156898,0.759676487579434,219,1217,1436,14016,91904,0.152506964,174.47
"16","MBE_2","Belle-ile","Belle-ile 2",4,3.8,0,1.0784,2.6261,13.2766666666667,7.1,5.08666666666667,1311,0.649889797527272,0.383128295254832,0.754171754171755,0.534772784333416,219,1217,1436,14016,91904,0.152506964,174.47
"17","MBE_2","Belle-ile","Belle-ile 2",5,1,0,1.0608,2.6647,14,9.40666666666667,6.53333333333333,1311,0.68691333538894,0.466666666666666,0.615178571428571,0.671904761904762,219,1217,1436,14016,91904,0.152506964,174.47
"18","MBE_2","Belle-ile","Belle-ile 2",6,5.8,0,1.0937,2.6713,14.3766666666667,12.0533333333333,8.54666666666667,1311,0.74979531175574,0.594481799211684,0.398513436249295,0.838395548342217,219,1217,1436,14016,91904,0.152506964,174.47
"19","MBE_2","Belle-ile","Belle-ile 2",7,5.8,0.4,1.1483,2.6598,14.6466666666667,12.3866666666667,9.03666666666667,1311,0.766374582278964,0.616977696859353,0.402852049910871,0.845698680018207,219,1217,1436,14016,91904,0.152506964,174.47
"20","MBE_2","Belle-ile","Belle-ile 2",8,4.6,0,1.1484,2.6492,14.09,11.5333333333333,7.1,1311,0.676940170963023,0.503903477643719,0.365760610395808,0.818547433167729,219,1217,1436,14016,91904,0.152506964,174.47
"21","MBE_2","Belle-ile","Belle-ile 2",9,2,0.2,1.1008,2.6672,13.9766666666667,10.4733333333333,6.76333333333333,1311,0.678595565038063,0.483901740996898,0.48567467652496,0.749344145003573,219,1217,1436,14016,91904,0.152506964,174.47
"22","MBE_2","Belle-ile","Belle-ile 2",10,5,0.2,1.1141,2.6532,19.67,10.5266666666667,7.45,1311,0.644771409254399,0.378749364514489,0.748226950354607,0.535163531604814,219,1217,1436,14016,91904,0.152506964,174.47
"23","MBE_2","Belle-ile","Belle-ile 2",11,4.6,0,1.1277,2.672,17.39,13.9733333333333,7.78666666666667,1311,0.62955622428171,0.447766915852022,0.355779243318296,0.803526931186504,219,1217,1436,14016,91904,0.152506964,174.47
"24","MBE_2","Belle-ile","Belle-ile 2",12,4.6,0.4,1.1163,2.6393,15.4666666666667,8.01,7.19666666666667,1311,0.747729493110108,0.46530172413793,0.901652559451835,0.517887931034482,219,1217,1436,14016,91904,0.152506964,174.47
"25","MBE_3","Belle-ile","Belle-ile 3",1,2.4,0.2,1.0901,2.6613,14.7433333333333,11.0666666666667,7.92333333333333,1311,0.727334933156453,0.537418042052906,0.539100684261967,0.750621749943481,220,1312,1532,14080,98048,0.143603133,116.43
"26","MBE_3","Belle-ile","Belle-ile 3",2,6,0,1.1283,2.6621,14.5366666666667,8.51,6.35,1311,0.688204782294013,0.436826415959641,0.736156351791532,0.585416188947488,220,1312,1532,14080,98048,0.143603133,116.43
"27","MBE_3","Belle-ile","Belle-ile 3",3,6.8,0,1.1271,2.6434,12.86,8.04666666666667,7.22333333333333,1311,0.795926157805526,0.561689994815967,0.853932584269662,0.62571280456195,220,1312,1532,14080,98048,0.143603133,116.43
"28","MBE_3","Belle-ile","Belle-ile 3",4,6.2,0.6,1.1307,2.6605,16.1933333333333,15.0766666666667,11.0733333333333,1311,0.794886374607561,0.683820502264306,0.21809895833332,0.931041580897493,220,1312,1532,14080,98048,0.143603133,116.43
"29","MBE_3","Belle-ile","Belle-ile 3",5,4,0,1.109,2.6282,12.0966666666667,8.43,6.26666666666667,1311,0.727545178564559,0.518049049324882,0.628930817610065,0.69688619454395,220,1312,1532,14080,98048,0.143603133,116.43
"30","MBE_3","Belle-ile","Belle-ile 3",6,4.8,0.4,1.1,2.6491,15.5233333333333,11.27,7.27,1311,0.670996066328686,0.468327249302127,0.515347334410337,0.726003865149239,220,1312,1532,14080,98048,0.143603133,116.43
"31","MBE_3","Belle-ile","Belle-ile 3",7,3.8,1.2,1.0962,2.6132,11.84,8.47333333333333,6.56333333333333,1311,0.754421939378839,0.554335585585585,0.638029058749211,0.715653153153153,220,1312,1532,14080,98048,0.143603133,116.43
"32","MBE_3","Belle-ile","Belle-ile 3",8,8.4,0.2,1.1915,2.6622,16.48,14.1533333333333,11.3,1311,0.818050877497461,0.685679611650485,0.449163449163456,0.858818770226535,220,1312,1532,14080,98048,0.143603133,116.43
"33","MBE_3","Belle-ile","Belle-ile 3",9,10.4,0.2,1.1456,2.6484,12.3166666666667,9.27,7.98,1311,0.823147417860394,0.647902571041947,0.702536510376636,0.752638700947224,220,1312,1532,14080,98048,0.143603133,116.43
"34","MBE_3","Belle-ile","Belle-ile 3",10,2.6,0.6,1.1559,2.6736,21.4966666666667,15.08,11.9833333333333,1311,0.762302958753162,0.55745076756086,0.674491941135248,0.70150410916421,220,1312,1532,14080,98048,0.143603133,116.43
"35","MBE_3","Belle-ile","Belle-ile 3",11,6.6,0.4,1.1489,2.6732,18.7733333333333,15.2933333333333,12.9266666666667,1311,0.834916770767057,0.688565340909094,0.595210946408217,0.814630681818181,220,1312,1532,14080,98048,0.143603133,116.43
"36","MBE_3","Belle-ile","Belle-ile 3",12,4.6,0,1.1532,2.657,14.8266666666667,10.91,6.70666666666667,1311,0.652702169585054,0.452338129496402,0.482348111658459,0.73583633093525,220,1312,1532,14080,98048,0.143603133,116.43
"37","MCM_1","Camaret","Camaret 1",1,8.4,0.8,1.1468,2.7204,19.3833333333333,14.42,10.99,1322,0.756021048110547,0.566981943250216,0.591342335186654,0.743938091143595,48,107,155,3072,9920,0.309677419,29.89
"38","MCM_1","Camaret","Camaret 1",2,4.8,0,1.1523,2.6581,18.13,13.0833333333333,7.28333333333333,1322,0.606989792204836,0.401728258871116,0.465273509526739,0.721640007354291,48,107,155,3072,9920,0.309677419,29.89
"39","MCM_1","Camaret","Camaret 1",3,3.6,0.4,1.1174,2.6699,12.6533333333333,9.71,5.33333333333333,1322,0.614032123738537,0.421496311907272,0.402094717668485,0.767386722866177,48,107,155,3072,9920,0.309677419,29.89
"40","MCM_1","Camaret","Camaret 1",4,5.2,0,1.1293,2.6479,10.2133333333333,7.87666666666667,5.01666666666667,1322,0.678849505147066,0.491187989556138,0.449647209749836,0.771214099216713,48,107,155,3072,9920,0.309677419,29.89
"41","MCM_1","Camaret","Camaret 1",5,4,1,1.1429,2.6672,12.27,8.35,6.23,1322,0.723571887334465,0.507742461287694,0.649006622516556,0.680521597392013,48,107,155,3072,9920,0.309677419,29.89
"42","MCM_1","Camaret","Camaret 1",6,0.6,0,1.0733,2.6892,11.9533333333333,7.76666666666667,6.22333333333333,1322,0.74720679022608,0.520635805911881,0.730657358929608,0.649749023982155,48,107,155,3072,9920,0.309677419,29.89
"43","MCM_1","Camaret","Camaret 1",7,4.8,0,1.209,2.6647,14.3733333333333,9.77666666666667,8.08666666666667,1322,0.774931995785191,0.5626159554731,0.731177094379638,0.680194805194807,48,107,155,3072,9920,0.309677419,29.89
"44","MCM_1","Camaret","Camaret 1",8,7,0,1.1214,2.6279,14.77,10.93,8.12,1322,0.741942872418712,0.549763033175355,0.577443609022556,0.740013540961408,48,107,155,3072,9920,0.309677419,29.89
"45","MCM_1","Camaret","Camaret 1",9,5.2,0.6,1.1535,2.6693,12.3166666666667,9.51,7.45333333333333,1322,0.77984650118667,0.605142083897156,0.577107607950654,0.772124492557508,48,107,155,3072,9920,0.309677419,29.89
"46","MCM_1","Camaret","Camaret 1",10,4.8,0,1.1322,2.6389,14.6133333333333,10.3233333333333,6.77,1322,0.672258081851348,0.463275547445257,0.546961325966853,0.706432481751824,48,107,155,3072,9920,0.309677419,29.89
"47","MCM_1","Camaret","Camaret 1",11,3.6,0.8,1.129,2.6525,13.0333333333333,8.52666666666667,6.26,1322,0.706487734086832,0.480306905370845,0.665354330708659,0.654219948849107,48,107,155,3072,9920,0.309677419,29.89
"48","MCM_1","Camaret","Camaret 1",12,3.6,0,1.1102,2.6892,12.2633333333333,9.50333333333333,6.32333333333333,1322,0.700061002447298,0.515629247078011,0.464646464646462,0.774938842076653,48,107,155,3072,9920,0.309677419,29.89
"49","MCM_2","Camaret","Camaret 2",1,3.4,0.6,1.1669,2.6685,18.7266666666667,10.5733333333333,8.39333333333333,1322,0.708596244061944,0.44820220719117,0.78903225806452,0.564613741545031,54,250,304,3456,19456,0.177631579,42.12
"50","MCM_2","Camaret","Camaret 2",2,4.8,0,1.1268,2.6596,20.61,9.84666666666667,7.39666666666667,1322,0.646003625968103,0.358887271551027,0.814581231079717,0.477761604399159,54,250,304,3456,19456,0.177631579,42.12
"51","MCM_2","Camaret","Camaret 2",3,6,0,1.1975,2.6846,21.4333333333333,13.05,8.51,1322,0.637362190515857,0.397045101088648,0.648697446479236,0.60886469673406,54,250,304,3456,19456,0.177631579,42.12
"52","MCM_2","Camaret","Camaret 2",4,7.4,0.8,1.1763,2.6741,20.4666666666667,11.66,10.6333333333333,1322,0.779586655670924,0.519543973941366,0.89559322033898,0.569706840390878,54,250,304,3456,19456,0.177631579,42.12
"53","MCM_2","Camaret","Camaret 2",5,7.4,0.4,1.1812,2.6828,15.7133333333333,11.6066666666667,9.22,1322,0.775345615832296,0.58676283411116,0.632443531827508,0.738650827322872,54,250,304,3456,19456,0.177631579,42.12
"54","MCM_2","Camaret","Camaret 2",6,6.8,0.2,1.1414,2.673,14.04,10.4666666666667,9.24,1322,0.834429175125301,0.658119658119658,0.744444444444437,0.745489078822415,54,250,304,3456,19456,0.177631579,42.12
"55","MCM_2","Camaret","Camaret 2",7,7.2,0,1.1568,2.6811,19.02,9.79666666666667,8.75333333333333,1322,0.743622799357932,0.460217315106905,0.898376623376623,0.515071854188574,54,250,304,3456,19456,0.177631579,42.12
"56","MCM_2","Camaret","Camaret 2",8,7,0,1.112,2.676,13.94,7.76666666666667,6.79666666666667,1322,0.752832167011549,0.487565758010522,0.864209052729818,0.557149689143951,54,250,304,3456,19456,0.177631579,42.12
"57","MCM_2","Camaret","Camaret 2",9,6,0,1.1198,2.6733,13.39,9.34666666666667,7.01666666666667,1322,0.732725748304105,0.52402290266368,0.634414225941423,0.698033358227533,54,250,304,3456,19456,0.177631579,42.12
"58","MCM_2","Camaret","Camaret 2",10,5.2,0.6,1.1549,2.7256,12.4466666666667,9.92666666666667,7.94666666666667,1322,0.799535647607966,0.638457418318156,0.560000000000003,0.797536154258166,54,250,304,3456,19456,0.177631579,42.12
"59","MCM_2","Camaret","Camaret 2",11,3.2,0.2,1.1518,2.7218,18.1,12.3066666666667,9.91333333333333,1322,0.761272489018186,0.547697974217311,0.707654723127031,0.679926335174956,54,250,304,3456,19456,0.177631579,42.12
"60","MCM_2","Camaret","Camaret 2",12,5.8,0.2,1.216,2.7261,20.9966666666667,19.9366666666667,12.6333333333333,1322,0.725121868693231,0.601682806794727,0.126743722598644,0.94951579615812,54,250,304,3456,19456,0.177631579,42.12
"61","MCM_3","Camaret","Camaret 3",1,6.2,0,1.1071,2.6768,11.9733333333333,11.3433333333333,7.07333333333333,1322,0.716854188876097,0.590757238307351,0.12857142857143,0.947383073496659,92,603,695,5888,44480,0.132374101,74.49
"62","MCM_3","Camaret","Camaret 3",2,6.6,1,1.1776,2.6981,16.5333333333333,11.3933333333333,10.34,1322,0.827961134004076,0.625403225806453,0.829924650161468,0.689112903225806,92,603,695,5888,44480,0.132374101,74.49
"63","MCM_3","Camaret","Camaret 3",3,6.2,0.6,1.2192,2.6808,15.9933333333333,14.04,6.32,1322,0.562396600196072,0.395164651938308,0.201929703652651,0.877865777407255,92,603,695,5888,44480,0.132374101,74.49
"64","MCM_3","Camaret","Camaret 3",4,5.4,0.4,1.1344,2.6657,13.8933333333333,9.79666666666667,8.1,1322,0.784082480801866,0.583013435700577,0.707134637514382,0.70513435700576,92,603,695,5888,44480,0.132374101,74.49
"65","MCM_3","Camaret","Camaret 3",5,4,0.2,1.1728,2.6849,15.3766666666667,10.7766666666667,7.06333333333333,1322,0.670230598967712,0.459353999566441,0.553327987169204,0.700845436809019,92,603,695,5888,44480,0.132374101,74.49
"66","MCM_3","Camaret","Camaret 3",6,4.6,0,1.1063,2.654,12.2966666666667,7.30333333333333,5.88666666666667,1322,0.728020242926165,0.47872052046625,0.778991159646388,0.593927893738138,92,603,695,5888,44480,0.132374101,74.49
"67","MCM_3","Camaret","Camaret 3",7,7,0,1.1627,2.66,12.9933333333333,9.24666666666667,6.95666666666667,1322,0.738525568357392,0.535402770651618,0.620651573716177,0.711646998460751,92,603,695,5888,44480,0.132374101,74.49
"68","MCM_3","Camaret","Camaret 3",8,3.2,0.2,1.1443,2.6949,14.5566666666667,12.0466666666667,6.33666666666667,1322,0.61178331891617,0.435310281657888,0.305352798053527,0.827570414472178,92,603,695,5888,44480,0.132374101,74.49
"69","MCM_3","Camaret","Camaret 3",9,6.6,0,1.1225,2.6518,15.5933333333333,10.5566666666667,6.51,1322,0.636158598950864,0.417486105173152,0.554495412844031,0.676998717400602,92,603,695,5888,44480,0.132374101,74.49
"70","MCM_3","Camaret","Camaret 3",10,2.6,0,1.0919,2.6715,13.6666666666667,9.38666666666667,5.33,1322,0.605006638610967,0.389999999999999,0.513394642143144,0.686829268292682,92,603,695,5888,44480,0.132374101,74.49
"71","MCM_3","Camaret","Camaret 3",11,3.2,0.2,1.1733,2.6773,20.73,12.83,9.43,1322,0.694063398324673,0.454896285576459,0.699115044247788,0.618909792571153,92,603,695,5888,44480,0.132374101,74.49
"72","MCM_3","Camaret","Camaret 3",12,7.2,0,1.1849,2.6911,17.61,13.1633333333333,9.97333333333333,1322,0.754255486576926,0.566344879803142,0.582278481012662,0.74749195532841,92,603,695,5888,44480,0.132374101,74.49
"73","MGL_1","Glenan","Glenan 1",1,7,0.8,1.1336,2.6528,14.2133333333333,8.70333333333333,7.73333333333333,2155,0.784845129120555,0.544090056285179,0.850308641975308,0.612335834896812,169,872,1041,10816,66624,0.1623439,171.28
"74","MGL_1","Glenan","Glenan 1",2,2.4,0,1.106,2.6686,13.6966666666667,10.95,5.98,2155,0.62009436875573,0.43660257970309,0.355939524838016,0.799464589924554,169,872,1041,10816,66624,0.1623439,171.28
"75","MGL_1","Glenan","Glenan 1",3,1.6,2,1.0683,2.634,13.4366666666667,7.92,5.12666666666667,2155,0.627409579678133,0.381543041428925,0.66385880465303,0.589431902753658,169,872,1041,10816,66624,0.1623439,171.28
"76","MGL_1","Glenan","Glenan 1",4,3,0,1.0744,2.6921,14.8133333333333,9.6,6.48333333333333,2155,0.666127798466093,0.437668766876688,0.625850340136053,0.64806480648065,169,872,1041,10816,66624,0.1623439,171.28
"77","MGL_1","Glenan","Glenan 1",5,4,2.8,1.1219,2.6437,16.3433333333333,8.86,6.26666666666667,2155,0.647291061067852,0.38343871099327,0.742639761826,0.542117071180911,169,872,1041,10816,66624,0.1623439,171.28
"78","MGL_1","Glenan","Glenan 1",6,3.8,0.2,1.1192,2.6841,13.9466666666667,10.4533333333333,6.71333333333333,2155,0.676161440899688,0.481357552581261,0.482949308755767,0.74952198852772,169,872,1041,10816,66624,0.1623439,171.28
"79","MGL_1","Glenan","Glenan 1",7,3.2,0.6,1.0805,2.6669,13.1533333333333,9.86333333333333,5.80666666666667,2155,0.638162702821772,0.441459706031426,0.447822141560797,0.749873289406996,169,872,1041,10816,66624,0.1623439,171.28
"80","MGL_1","Glenan","Glenan 1",8,5.6,0.8,1.1255,2.6944,15.88,11.53,6.2,2155,0.59433940415512,0.390428211586902,0.449380165289256,0.726070528967254,169,872,1041,10816,66624,0.1623439,171.28
"81","MGL_1","Glenan","Glenan 1",9,3.8,1,1.1141,2.632,14.06,8.92333333333333,4.46,2155,0.54123485888982,0.317211948790896,0.535069444444445,0.63466097676624,169,872,1041,10816,66624,0.1623439,171.28
"82","MGL_1","Glenan","Glenan 1",10,1.6,0.6,1.1021,2.6395,14.3833333333333,6.47333333333333,5.7,2155,0.704023893014848,0.396292004634995,0.910940499040307,0.450057937427579,169,872,1041,10816,66624,0.1623439,171.28
"83","MGL_1","Glenan","Glenan 1",11,5,0.8,1.1292,2.6179,11.8633333333333,7.82666666666667,4.77,2155,0.625774308495453,0.402079235740378,0.569078947368419,0.659735880865414,169,872,1041,10816,66624,0.1623439,171.28
"84","MGL_1","Glenan","Glenan 1",12,1.8,0,1.0892,2.636,13.9966666666667,6.83,2.95,2155,0.449848457984289,0.210764467730412,0.648762824381413,0.487973326982614,169,872,1041,10816,66624,0.1623439,171.28
"85","MGL_2","Glenan","Glenan 2",1,4.8,3.4,1.1243,2.68,12.9133333333333,11.59,9.26,2155,0.830551802790722,0.717088280846672,0.362226277372257,0.897521941146105,418,1449,1867,26752,119488,0.223888591,138.27
"86","MGL_2","Glenan","Glenan 2",2,5.6,1.4,1.1432,2.6886,15.7166666666667,9.47333333333333,8.45,2155,0.782738541837865,0.53764581124072,0.859174311926607,0.602757158006361,418,1449,1867,26752,119488,0.223888591,138.27
"87","MGL_2","Glenan","Glenan 2",3,2.8,1.4,1.1195,2.6484,13.36,6.56666666666667,4.18,2155,0.583983232890311,0.312874251497006,0.740014524328249,0.491516966067865,418,1449,1867,26752,119488,0.223888591,138.27
"88","MGL_2","Glenan","Glenan 2",4,5.8,0.8,1.1112,2.6893,19.3,10.93,7.52,2155,0.644791648001252,0.389637305699482,0.710526315789474,0.566321243523316,418,1449,1867,26752,119488,0.223888591,138.27
"89","MGL_2","Glenan","Glenan 2",5,4.2,1.4,1.1773,2.6588,16.3133333333333,11.32,9.54,2155,0.789894707749402,0.58479771148345,0.737204724409447,0.693910911319985,418,1449,1867,26752,119488,0.223888591,138.27
"90","MGL_2","Glenan","Glenan 2",6,4,0.8,1.1543,2.683,19.3533333333333,12.9133333333333,9.77666666666667,2155,0.725876092508791,0.505167068549777,0.672467803689526,0.667240785394419,418,1449,1867,26752,119488,0.223888591,138.27
"91","MGL_2","Glenan","Glenan 2",7,4.2,0.8,1.1233,2.6771,15.3066666666667,8.47,6.65333333333333,2155,0.698937233239939,0.434668989547037,0.790061633281973,0.553353658536584,418,1449,1867,26752,119488,0.223888591,138.27
"92","MGL_2","Glenan","Glenan 2",8,5.6,0.2,1.1814,2.678,14.85,10.2733333333333,8.30333333333333,2155,0.767401017636321,0.559147025813692,0.699083503054994,0.691806958473623,418,1449,1867,26752,119488,0.223888591,138.27
"93","MGL_2","Glenan","Glenan 2",9,2.6,0,1.1014,2.6839,16.19,11.22,6.58,2155,0.620017613565521,0.406423718344657,0.517169614984391,0.69302038295244,418,1449,1867,26752,119488,0.223888591,138.27
"94","MGL_2","Glenan","Glenan 2",10,2.8,2.6,1.1729,2.6759,15.06,8.73333333333333,5.21333333333333,2155,0.591210302039813,0.346170872067286,0.642518618821936,0.579902611775122,418,1449,1867,26752,119488,0.223888591,138.27
"95","MGL_2","Glenan","Glenan 2",11,7.2,0.2,1.1629,2.6669,13.3066666666667,8.95333333333333,5.26,2155,0.614665945232459,0.395290581162324,0.541010770505388,0.672845691382764,418,1449,1867,26752,119488,0.223888591,138.27
"96","MGL_2","Glenan","Glenan 2",12,6.6,1.2,1.1579,2.6694,14.1433333333333,9.61666666666667,6.08666666666667,2155,0.648227670733833,0.430355880273393,0.561853537443109,0.67994343624794,418,1449,1867,26752,119488,0.223888591,138.27
"97","MGL_3","Glenan","Glenan 3",1,0.6,0,1.0724,2.6377,16.3833333333333,11.2233333333333,7.14666666666667,2155,0.652470640769423,0.43621566632757,0.558643089137498,0.685045778229908,672,1144,1816,43008,116224,0.370044053,123.83
"98","MGL_3","Glenan","Glenan 3",2,4.4,0.2,1.0704,2.6714,17.26,10.06,6.63666666666667,2155,0.633024345437789,0.384511394360757,0.67775337307813,0.582850521436848,672,1144,1816,43008,116224,0.370044053,123.83
"99","MGL_3","Glenan","Glenan 3",3,1.4,0.4,1.0753,2.6687,15.3633333333333,7.23333333333333,6.01333333333333,2155,0.687810616261642,0.391408114558473,0.86951871657754,0.470817964851379,672,1144,1816,43008,116224,0.370044053,123.83
"100","MGL_3","Glenan","Glenan 3",4,8.4,0.8,1.1944,2.7245,19.47,14.98,9.40666666666667,2155,0.671941165261076,0.483136449238144,0.446174229877443,0.769388803287108,672,1144,1816,43008,116224,0.370044053,123.83
"101","MGL_3","Glenan","Glenan 3",5,1.2,0,1.059,2.7041,17.78,9.08333333333333,6.41,2155,0.633645493011525,0.360517435320585,0.76487833479918,0.5108736407949,672,1144,1816,43008,116224,0.370044053,123.83
"102","MGL_3","Glenan","Glenan 3",6,7.2,1.8,1.1184,2.6715,12.96,9.03666666666667,7.45,2155,0.779650138484063,0.574845679012346,0.712038717483363,0.697273662551441,672,1144,1816,43008,116224,0.370044053,123.83
"103","MGL_3","Glenan","Glenan 3",7,1.8,0.6,1.0681,2.6639,16.85,6.71333333333333,6.01666666666667,2155,0.684002877566612,0.357072205736894,0.935692307692308,0.398417408506429,672,1144,1816,43008,116224,0.370044053,123.83
"104","MGL_3","Glenan","Glenan 3",8,2.8,0.4,1.0647,2.6293,11.5733333333333,7.95666666666667,4.57333333333333,2155,0.610134190336753,0.395161290322581,0.516666666666664,0.687500000000002,672,1144,1816,43008,116224,0.370044053,123.83
"105","MGL_3","Glenan","Glenan 3",9,0.8,0,1.0569,2.6923,14.6066666666667,10.05,6.30666666666667,2155,0.647084293059789,0.431766316750342,0.548995983935745,0.688041989958921,672,1144,1816,43008,116224,0.370044053,123.83
"106","MGL_3","Glenan","Glenan 3",10,0.8,0,1.0612,2.6611,15.9633333333333,5.65,3.81,2155,0.543950408284962,0.238671956567134,0.848601206801974,0.353936103570684,672,1144,1816,43008,116224,0.370044053,123.83
"107","MGL_3","Glenan","Glenan 3",11,0.8,0,1.0688,2.6853,15.46,5.33,4.96,2155,0.6683575906791,0.320827943078913,0.964761904761905,0.344760672703752,672,1144,1816,43008,116224,0.370044053,123.83
"108","MGL_3","Glenan","Glenan 3",12,1,0,1.0679,2.6652,14.1166666666667,7.49333333333333,3.40333333333333,2155,0.478410372983258,0.241086186540731,0.618232731798383,0.530814639905548,672,1144,1816,43008,116224,0.370044053,123.83
"109","MME_1","Meaban","Meaban 1",1,6.4,0,1.1362,2.6615,14.3766666666667,9.71666666666667,8.82666666666667,2222,0.823137993990889,0.61395780199397,0.83963963963964,0.675863667980523,121,329,450,7744,28800,0.268888889,47.33
"110","MME_1","Meaban","Meaban 1",2,7.8,0.8,1.1461,2.6573,14.2433333333333,9.59333333333333,6.87666666666667,2222,0.702088066256831,0.482798970278494,0.631221719457013,0.673531476714254,121,329,450,7744,28800,0.268888889,47.33
"111","MME_1","Meaban","Meaban 1",3,6,0,1.0999,2.6736,14.77,9.79333333333333,6.13666666666667,2222,0.638534957780849,0.415481832543444,0.576447876447877,0.663055743624464,121,329,450,7744,28800,0.268888889,47.33
"112","MME_1","Meaban","Meaban 1",4,6.6,0.6,1.1419,2.6381,13.02,8.38,5.05,2222,0.615993199735509,0.387864823348694,0.582183186951066,0.643625192012289,121,329,450,7744,28800,0.268888889,47.33
"113","MME_1","Meaban","Meaban 1",5,6.2,0.6,1.2179,2.6647,13.4633333333333,9.99,5.64,2222,0.618415036079753,0.418915573161675,0.443971026842776,0.742015350334243,121,329,450,7744,28800,0.268888889,47.33
"114","MME_1","Meaban","Meaban 1",6,7.8,0.2,1.2017,2.6697,15.99,10.3566666666667,9.32333333333333,2222,0.80666148277641,0.583072753804461,0.844999999999995,0.647696476964772,121,329,450,7744,28800,0.268888889,47.33
"115","MME_1","Meaban","Meaban 1",7,5.2,0,1.1849,2.6503,15.6766666666667,12.1733333333333,7.47333333333333,2222,0.66392928159569,0.476716989155857,0.427062169849661,0.776525621943437,121,329,450,7744,28800,0.268888889,47.33
"116","MME_1","Meaban","Meaban 1",8,4.6,1.8,1.1397,2.6319,13.3066666666667,9.03333333333333,6.57333333333333,2222,0.711024664201733,0.493987975951902,0.634653465346537,0.67885771543086,121,329,450,7744,28800,0.268888889,47.33
"117","MME_1","Meaban","Meaban 1",9,9,0,1.114,2.6646,14.13,10.8466666666667,6.16666666666667,2222,0.628377795839571,0.436423684831328,0.412306404353282,0.767633875914133,121,329,450,7744,28800,0.268888889,47.33
"118","MME_1","Meaban","Meaban 1",10,7.8,0.2,1.136,2.6535,12.0766666666667,9.35666666666667,7.16,2222,0.768397486891399,0.592878829699143,0.553220338983053,0.774772288158982,121,329,450,7744,28800,0.268888889,47.33
"119","MME_1","Meaban","Meaban 1",11,5.6,0.6,1.1263,2.6472,18.3266666666667,9.62666666666667,9.41,2222,0.794706217194758,0.513459439796289,0.975700934579439,0.525281920698435,121,329,450,7744,28800,0.268888889,47.33
"120","MME_1","Meaban","Meaban 1",12,5.4,2,1.1307,2.6312,12.6433333333333,9.89,6.58333333333333,2222,0.702443293213661,0.520696018982337,0.454345434543451,0.782230424466124,121,329,450,7744,28800,0.268888889,47.33
"121","MME_2","Meaban","Meaban 2",1,7.4,0.6,1.1338,2.6677,16.0333333333333,13.4333333333333,7.14666666666667,2222,0.618965552625042,0.445738045738047,0.292573143285823,0.837837837837837,154,860,1014,9856,64896,0.151873767,76.02
"122","MME_2","Meaban","Meaban 2",2,7.2,0.2,1.2171,2.6706,17.7966666666667,11.6666666666667,8.45333333333333,2222,0.700793681899832,0.474995317475182,0.656082768462359,0.655553474433415,154,860,1014,9856,64896,0.151873767,76.02
"123","MME_2","Meaban","Meaban 2",3,4.8,0.6,1.1229,2.6569,19.7033333333333,11.6633333333333,6.74,2222,0.582531123145414,0.342074099137202,0.620210851118541,0.591947217052951,154,860,1014,9856,64896,0.151873767,76.02
"124","MME_2","Meaban","Meaban 2",4,3,1,1.1415,2.627,12.8,9.47,7.77,2222,0.792672934527172,0.60703125,0.662027833001988,0.73984375,154,860,1014,9856,64896,0.151873767,76.02
"125","MME_2","Meaban","Meaban 2",5,5.6,0,1.1338,2.6341,14.2666666666667,7.20666666666667,5.37,2222,0.654581721711919,0.376401869158878,0.793555638816036,0.505140186915887,154,860,1014,9856,64896,0.151873767,76.02
"126","MME_2","Meaban","Meaban 2",6,5.2,0.6,1.1137,2.637,11.1333333333333,8.26333333333333,6.22666666666667,2222,0.749739254567708,0.55928143712575,0.584918478260868,0.742215568862277,154,860,1014,9856,64896,0.151873767,76.02
"127","MME_2","Meaban","Meaban 2",7,11,0.8,1.1674,2.6634,15.4566666666667,10.9566666666667,7.26333333333333,2222,0.677889988726782,0.469915893896915,0.549227013832382,0.708863489324995,154,860,1014,9856,64896,0.151873767,76.02
"128","MME_2","Meaban","Meaban 2",8,8.2,0,1.1347,2.6882,14.81,12.6933333333333,10.56,2222,0.84023163910025,0.713031735313977,0.498039215686283,0.85707855052892,154,860,1014,9856,64896,0.151873767,76.02
"129","MME_2","Meaban","Meaban 2",9,8.2,0.4,1.1423,2.641,14.2933333333333,10.2633333333333,6.35333333333333,2222,0.650419833166121,0.444496268656717,0.507556675062974,0.718050373134328,154,860,1014,9856,64896,0.151873767,76.02
"130","MME_2","Meaban","Meaban 2",10,7,0.2,1.1144,2.6378,11.71,9.54,7.31666666666667,2222,0.782540980165011,0.624822089382295,0.493930197268589,0.81468830059778,154,860,1014,9856,64896,0.151873767,76.02
"131","MME_2","Meaban","Meaban 2",11,7.4,0.2,1.1733,2.656,12.3066666666667,10.7233333333333,9.72666666666667,2222,0.89499224856552,0.790357529794148,0.613695090439295,0.871343445287102,154,860,1014,9856,64896,0.151873767,76.02
"132","MME_2","Meaban","Meaban 2",12,5.4,0.2,1.1842,2.642,16.9133333333333,9.16,5.93333333333333,2222,0.610226323206434,0.3508080409933,0.706132361870066,0.541584548679544,154,860,1014,9856,64896,0.151873767,76.02
"133","MME_3","Meaban","Meaban 3",1,6.8,0.2,1.17,2.6544,13.3233333333333,8.71,7.99333333333333,2222,0.819611921112734,0.599949962471855,0.865540963101937,0.653740305228923,184,866,1050,11776,67200,0.175238095,115.16
"134","MME_3","Meaban","Meaban 3",2,6.6,0,1.158,2.6533,13.81,11.6933333333333,8.72,2222,0.777977410837558,0.631426502534395,0.415848068107407,0.846729423123338,184,866,1050,11776,67200,0.175238095,115.16
"135","MME_3","Meaban","Meaban 3",3,6.6,0.4,1.1403,2.6536,15.99,9.66666666666667,6.50666666666667,2222,0.649427443013711,0.406920992286846,0.666783831282952,0.604544506983532,184,866,1050,11776,67200,0.175238095,115.16
"136","MME_3","Meaban","Meaban 3",4,6.4,0,1.1736,2.6563,15.8933333333333,10.3833333333333,7.13666666666667,2222,0.675791947061656,0.44903523489933,0.629234868671491,0.653313758389261,184,866,1050,11776,67200,0.175238095,115.16
"137","MME_3","Meaban","Meaban 3",5,8.6,0.2,1.1832,2.6693,14.6,11.67,5.48,2222,0.560676648165726,0.375342465753425,0.321271929824561,0.799315068493151,184,866,1050,11776,67200,0.175238095,115.16
"138","MME_3","Meaban","Meaban 3",6,11.2,0,1.1564,2.6845,15.9833333333333,12.1333333333333,8.50333333333333,2222,0.719742211580572,0.532012513034412,0.514705882352943,0.75912408759124,184,866,1050,11776,67200,0.175238095,115.16
"139","MME_3","Meaban","Meaban 3",7,5.4,0,1.1657,2.688,20.17,10.1733333333333,9.02666666666667,2222,0.735013325265453,0.447529333994381,0.89709841459767,0.50437944141464,184,866,1050,11776,67200,0.175238095,115.16
"140","MME_3","Meaban","Meaban 3",8,6.2,0,1.1107,2.6831,15.6433333333333,12.2733333333333,8.11666666666667,2222,0.700091058483258,0.518857873428512,0.447741364038975,0.784572767952269,184,866,1050,11776,67200,0.175238095,115.16
"141","MME_3","Meaban","Meaban 3",9,5,0,1.1489,2.6668,17.42,15.5833333333333,6.09333333333333,2222,0.5152291832659,0.349789513968618,0.162154208357861,0.894565633371602,184,866,1050,11776,67200,0.175238095,115.16
"142","MME_3","Meaban","Meaban 3",10,9.4,0.2,1.1875,2.7024,24.9333333333333,15.33,13.5333333333333,2222,0.78252043300761,0.542780748663101,0.84239766081871,0.614839572192514,184,866,1050,11776,67200,0.175238095,115.16
"143","MME_3","Meaban","Meaban 3",11,9.2,0.4,1.1195,2.6648,16.2533333333333,10.3566666666667,8.99666666666667,2222,0.783430135181643,0.553527481542249,0.812586127698663,0.637202625102546,184,866,1050,11776,67200,0.175238095,115.16
"144","MME_3","Meaban","Meaban 3",12,11.6,0,1.162,2.7154,25.5666666666667,18.3733333333333,12.1,2222,0.678010197329623,0.473272490221642,0.534158415841588,0.718644067796608,184,866,1050,11776,67200,0.175238095,115.16
"145","MMO_1","Molene","Molene 1",1,10.4,0,1.1623,2.7434,33.51,29.0466666666667,10.24,977,0.475820404135927,0.305580423754103,0.191806331471135,0.866805928578535,55,354,409,3520,26176,0.134474328,144.5
"146","MMO_1","Molene","Molene 1",2,3,0,1.148,2.7021,24.09,14.85,9.82333333333333,977,0.646127416659616,0.407776394077764,0.647663551401869,0.616438356164384,55,354,409,3520,26176,0.134474328,144.5
"147","MMO_1","Molene","Molene 1",3,7.2,0,1.1692,2.7156,18.0133333333333,11.5633333333333,9.85666666666667,977,0.775522381964308,0.547187268689861,0.790764201062529,0.641931902294596,55,354,409,3520,26176,0.134474328,144.5
"148","MMO_1","Molene","Molene 1",4,5.4,0,1.1538,2.6831,16.5833333333333,11.3666666666667,10.17,977,0.818676486553833,0.613266331658293,0.813409563409557,0.685427135678395,55,354,409,3520,26176,0.134474328,144.5
"149","MMO_1","Molene","Molene 1",5,5.6,0.8,1.1332,2.6994,15.8233333333333,13.5966666666667,13.4466666666667,977,0.943697816602839,0.849799873604386,0.93688639551192,0.859279544975778,55,354,409,3520,26176,0.134474328,144.5
"150","MMO_1","Molene","Molene 1",6,8.8,0.8,1.1377,2.709,18.2466666666667,13.0633333333333,11.3566666666667,977,0.814869513936086,0.622396784800877,0.752298016448969,0.715929850200947,55,354,409,3520,26176,0.134474328,144.5
"151","MMO_1","Molene","Molene 1",7,9.6,0,1.1116,2.7043,17.18,13.1166666666667,11.4333333333333,977,0.834000599959333,0.665502522312765,0.70707656612528,0.763484672099342,55,354,409,3520,26176,0.134474328,144.5
"152","MMO_1","Molene","Molene 1",8,2.6,0,1.0765,2.7025,21.1333333333333,13.9233333333333,7.08666666666667,977,0.554699271797379,0.335331230283912,0.513289036544852,0.658832807570977,55,354,409,3520,26176,0.134474328,144.5
"153","MMO_1","Molene","Molene 1",9,9.2,0.2,1.2019,2.7106,35.89,23.5933333333333,9.02666666666667,977,0.45824459331278,0.251509241199963,0.457749100384664,0.657379028513048,55,354,409,3520,26176,0.134474328,144.5
"154","MMO_1","Molene","Molene 1",10,7.6,0,1.1518,2.7418,29.36,21.7133333333333,7.26666666666667,977,0.435909140416231,0.247502270663034,0.346107423053713,0.739554950045412,55,354,409,3520,26176,0.134474328,144.5
"155","MMO_1","Molene","Molene 1",11,3.8,0.4,1.1664,2.6894,19.97,18.0133333333333,11.1033333333333,977,0.699806870289664,0.556000667668167,0.220676691729326,0.902019696210982,55,354,409,3520,26176,0.134474328,144.5
"156","MMO_1","Molene","Molene 1",12,2.2,0,1.0834,2.6773,22.5166666666667,15.3666666666667,11.73,977,0.735366912304609,0.520947446336047,0.662855377008651,0.682457438934123,55,354,409,3520,26176,0.134474328,144.5
"157","MMO_2","Molene","Molene 2",1,9.6,0.4,1.1895,2.6958,25.49,18.9066666666667,8.58,977,0.534560163250555,0.336602589250687,0.389315986595701,0.741728782529098,207,497,704,13248,45056,0.294034091,129.97
"158","MMO_2","Molene","Molene 2",2,4.2,0.4,1.1768,2.6224,19.14,10.0833333333333,6.47666666666667,977,0.601246200171217,0.338383838383839,0.715188207423009,0.526819923371646,207,497,704,13248,45056,0.294034091,129.97
"159","MMO_2","Molene","Molene 2",3,4.6,0.2,1.2307,2.6585,23.88,10.68,9.62666666666667,977,0.713590014856684,0.403126744835288,0.926099158091675,0.447236180904523,207,497,704,13248,45056,0.294034091,129.97
"160","MMO_2","Molene","Molene 2",4,8.4,0.2,1.277,2.7006,26.9133333333333,21.57,10.46,977,0.573343963728302,0.388654941788457,0.324756888168556,0.801461481297995,207,497,704,13248,45056,0.294034091,129.97
"161","MMO_2","Molene","Molene 2",5,7.8,0,1.1775,2.6923,27.29,19.8366666666667,11.8566666666667,977,0.637995570123554,0.434469280566753,0.482937365010798,0.726884084524247,207,497,704,13248,45056,0.294034091,129.97
"162","MMO_2","Molene","Molene 2",6,8.4,0.2,1.2384,2.679,26.12,19.7,8.69666666666667,977,0.527742516130587,0.332950484941297,0.368471398507748,0.754211332312404,207,497,704,13248,45056,0.294034091,129.97
"163","MMO_2","Molene","Molene 2",7,7.2,0.6,1.1534,2.6658,17.87,16.3,6.7,977,0.536141159809667,0.374930050363738,0.140555058191585,0.912143256855064,207,497,704,13248,45056,0.294034091,129.97
"164","MMO_2","Molene","Molene 2",8,4,0,1.117,2.6589,18.6,13.5,4.56333333333333,977,0.436086415333346,0.245340501792115,0.363334124910947,0.725806451612903,207,497,704,13248,45056,0.294034091,129.97
"165","MMO_2","Molene","Molene 2",9,4.2,0.6,1.1553,2.623,21.6333333333333,8.41333333333333,4.84666666666667,977,0.505356964480517,0.224036979969184,0.787529785544083,0.388906009244993,207,497,704,13248,45056,0.294034091,129.97
"166","MMO_2","Molene","Molene 2",10,2.8,0,1.0971,2.6631,16.4433333333333,12.7233333333333,7.23,977,0.629837637682975,0.439691871072371,0.403762662807527,0.773768497871477,207,497,704,13248,45056,0.294034091,129.97
"167","MMO_2","Molene","Molene 2",11,3.8,0.6,1.1351,2.6654,15.3233333333333,11.1466666666667,8.75666666666667,977,0.765702016843551,0.57145964759626,0.636040609137049,0.72743093321732,207,497,704,13248,45056,0.294034091,129.97
"168","MMO_2","Molene","Molene 2",12,11.4,0,1.1586,2.6711,23.5733333333333,12.85,9.73666666666667,977,0.6789411940694,0.413037330316743,0.774993977354854,0.545107466063349,207,497,704,13248,45056,0.294034091,129.97
"169","MMO_3","Molene","Molene 3",1,6.4,0.6,1.2609,2.6854,31.01,22.63,7.68666666666667,977,0.438291712447728,0.247877028915404,0.359296841503502,0.729764592067075,113,250,363,7232,23232,0.311294766,65.78
"170","MMO_3","Molene","Molene 3",2,6.2,0.4,1.2316,2.6571,14.5333333333333,12.3533333333333,5.44333333333333,977,0.548521289627619,0.37454128440367,0.239823982398241,0.85,113,250,363,7232,23232,0.311294766,65.78
"171","MMO_3","Molene","Molene 3",3,5.8,0,1.179,2.6386,19.29,8.90666666666667,4.31,977,0.47639702184494,0.223431829963712,0.693146417445483,0.461724555037152,113,250,363,7232,23232,0.311294766,65.78
"172","MMO_3","Molene","Molene 3",4,8.8,0.2,1.1745,2.7114,27.59,22.1066666666667,8.05666666666667,977,0.473891162121044,0.29201401473964,0.280716723549486,0.801256493898757,113,250,363,7232,23232,0.311294766,65.78
"173","MMO_3","Molene","Molene 3",5,8,0.4,1.1761,2.7349,33.3633333333333,22.5366666666667,8.13333333333333,977,0.444760294535894,0.243780597462284,0.429118773946358,0.675492057148568,113,250,363,7232,23232,0.311294766,65.78
"174","MMO_3","Molene","Molene 3",6,4.6,1.4,1.1051,2.6438,18.47,13.0566666666667,5.26666666666667,977,0.486322262387601,0.285147085363653,0.409997475385001,0.706912109727488,113,250,363,7232,23232,0.311294766,65.78
"175","MMO_3","Molene","Molene 3",7,5.2,1,1.1336,2.645,16.3133333333333,9.84666666666667,4.29666666666667,977,0.486194967869781,0.263383735185943,0.538141470180304,0.603596240294239,113,250,363,7232,23232,0.311294766,65.78
"176","MMO_3","Molene","Molene 3",8,5.8,0,1.1035,2.6724,18.34,9.79333333333333,8.20333333333333,977,0.720914260811495,0.447291893856779,0.843143702729365,0.53398764085787,113,250,363,7232,23232,0.311294766,65.78
"177","MMO_3","Molene","Molene 3",9,9,0.2,1.2023,2.6832,16.72,13.7866666666667,8.7,977,0.689891804133884,0.520334928229665,0.365752285951783,0.824561403508774,113,250,363,7232,23232,0.311294766,65.78
"178","MMO_3","Molene","Molene 3",10,8.6,0.6,1.2039,2.6491,18.1166666666667,11.27,7.85,977,0.670778346419512,0.433302667893283,0.666883116883118,0.622079116835325,113,250,363,7232,23232,0.311294766,65.78
"179","MMO_3","Molene","Molene 3",11,6.6,0.2,1.1612,2.6861,20.9333333333333,13.4833333333333,6.36,977,0.523310590281636,0.303821656050956,0.511207685269901,0.644108280254777,113,250,363,7232,23232,0.311294766,65.78
"180","MMO_3","Molene","Molene 3",12,5.2,0,1.1613,2.7159,29.2733333333333,18.5466666666667,8.26666666666667,977,0.501157540474365,0.282395809610567,0.510631545541096,0.633568663174677,113,250,363,7232,23232,0.311294766,65.78
"181","MMX_1","Morlaix","Morlaix 1",1,5,0,1.1278,2.658,27.4066666666667,9.64666666666667,3.99666666666667,3000,0.392392582307747,0.145828265628801,0.758650149508757,0.351982486013135,62,466,528,3968,33792,0.117424242,34.39
"182","MMX_1","Morlaix","Morlaix 1",2,6.4,0,1.1723,2.651,13.3433333333333,7.38,6.55333333333333,3000,0.75834694249247,0.491131651261555,0.878252331860578,0.553085186110419,62,466,528,3968,33792,0.117424242,34.39
"183","MMX_1","Morlaix","Morlaix 1",3,2.4,1.6,1.0917,2.6551,15.6366666666667,9.26666666666667,4.68666666666667,3000,0.533195903575361,0.299722873587721,0.581735159817353,0.592624173950116,62,466,528,3968,33792,0.117424242,34.39
"184","MMX_1","Morlaix","Morlaix 1",4,4.4,0.2,1.118,2.6823,16.8466666666667,8.74333333333333,3.83,3000,0.463520389784296,0.227344677483181,0.622535211267607,0.518994855559951,62,466,528,3968,33792,0.117424242,34.39
"185","MMX_1","Morlaix","Morlaix 1",5,5.2,0.4,1.1161,2.6706,15.4733333333333,8.33,4.84,3000,0.566440042668414,0.312796208530806,0.671786833855798,0.53834554071521,62,466,528,3968,33792,0.117424242,34.39
"186","MMX_1","Morlaix","Morlaix 1",6,4.2,0,1.1373,2.6396,18.32,9.55666666666667,4.25666666666667,3000,0.469500211788522,0.232350800582242,0.623133443944063,0.52165211062591,62,466,528,3968,33792,0.117424242,34.39
"187","MMX_1","Morlaix","Morlaix 1",7,5.6,0.2,1.1728,2.6455,18.3,10.6166666666667,5.26,3000,0.522208663100598,0.287431693989071,0.589212678936603,0.580145719489984,62,466,528,3968,33792,0.117424242,34.39
"188","MMX_1","Morlaix","Morlaix 1",8,6.4,0.2,1.1668,2.6456,13.2866666666667,10.0533333333333,7.02666666666667,3000,0.717669011115154,0.528850978424485,0.516506922257729,0.75664826894129,62,466,528,3968,33792,0.117424242,34.39
"189","MMX_1","Morlaix","Morlaix 1",9,3.4,0,1.1117,2.6842,18.98,10.75,5.12333333333333,3000,0.504816472443784,0.269933263083948,0.593937936011547,0.566385669125395,62,466,528,3968,33792,0.117424242,34.39
"190","MMX_1","Morlaix","Morlaix 1",10,4.8,0.4,1.177,2.6512,16.4733333333333,12.2966666666667,6.33,3000,0.58265683362495,0.384257385673817,0.411764705882348,0.746458923512751,62,466,528,3968,33792,0.117424242,34.39
"191","MMX_1","Morlaix","Morlaix 1",11,3.8,0,1.136,2.6559,16.7333333333333,9.21,3.43,3000,0.42421112049412,0.204980079681275,0.565522425457278,0.550398406374503,62,466,528,3968,33792,0.117424242,34.39
"192","MMX_1","Morlaix","Morlaix 1",12,4.6,0,1.1534,2.6653,14.69,13.2766666666667,4.66,3000,0.481083352366833,0.317222600408441,0.140910601528744,0.903789425913322,62,466,528,3968,33792,0.117424242,34.39
"193","MMX_2","Morlaix","Morlaix 2",1,6.2,0.2,1.1426,2.6707,13.1166666666667,8.08666666666667,4.24666666666667,3000,0.553988956787319,0.323761118170266,0.56708004509583,0.616518424396441,314,748,1062,20096,67968,0.29566855,122.81
"194","MMX_2","Morlaix","Morlaix 2",2,4.6,0,1.1664,2.6256,15.6333333333333,9.59666666666667,4.12666666666667,3000,0.484182320223181,0.263965884861408,0.52462340672074,0.613859275053306,314,748,1062,20096,67968,0.29566855,122.81
"195","MMX_2","Morlaix","Morlaix 2",3,9.8,0.2,1.1221,2.6659,10.28,8.26333333333333,7.37666666666667,3000,0.862033169920922,0.71757457846952,0.694603903559129,0.803826199740596,314,748,1062,20096,67968,0.29566855,122.81
"196","MMX_2","Morlaix","Morlaix 2",4,7.4,0,1.0971,2.6827,11.1533333333333,10.5366666666667,5.95666666666667,3000,0.670861533887562,0.534070531978484,0.118665811417563,0.944710101613873,314,748,1062,20096,67968,0.29566855,122.81
"197","MMX_2","Morlaix","Morlaix 2",5,7.8,0,1.1796,2.6455,10.1466666666667,7.92333333333333,5.53666666666667,3000,0.725139915605454,0.545663600525623,0.482284887924806,0.78088042049934,314,748,1062,20096,67968,0.29566855,122.81
"198","MMX_2","Morlaix","Morlaix 2",6,4.2,0.2,1.1731,2.6677,16.22,10.1833333333333,3.46666666666667,3000,0.417472417158714,0.213727907932594,0.473340303188712,0.627825729551991,314,748,1062,20096,67968,0.29566855,122.81
"199","MMX_2","Morlaix","Morlaix 2",7,7,0,1.1187,2.7058,15.9566666666667,8.59666666666667,8.03666666666667,3000,0.777964686214407,0.503655734280342,0.92929292929293,0.53875078337163,314,748,1062,20096,67968,0.29566855,122.81
"200","MMX_2","Morlaix","Morlaix 2",8,3.2,0,1.184,2.6563,15.82,12.68,4.84,3000,0.488789269895897,0.305941845764855,0.285974499089253,0.801517067003793,314,748,1062,20096,67968,0.29566855,122.81
"201","MMX_2","Morlaix","Morlaix 2",9,5.8,0.2,1.1586,2.6887,16.0966666666667,10.55,5.98,3000,0.594937465830262,0.371505487678608,0.548270181219112,0.655415199834333,314,748,1062,20096,67968,0.29566855,122.81
"202","MMX_2","Morlaix","Morlaix 2",10,14,0,1.154,2.6745,11.77,10.1433333333333,5.66333333333333,3000,0.645251509600436,0.481166808269612,0.266375545851534,0.861795525346924,314,748,1062,20096,67968,0.29566855,122.81
"203","MMX_2","Morlaix","Morlaix 2",11,4,0,1.1172,2.6364,14.6466666666667,8.28333333333333,2.66333333333333,3000,0.388122694407268,0.181838871187983,0.531015299026427,0.565543923532088,314,748,1062,20096,67968,0.29566855,122.81
"204","MMX_2","Morlaix","Morlaix 2",12,7.4,0,1.0881,2.6634,12.4266666666667,9.33666666666667,6.08666666666667,3000,0.683498414213178,0.489806866952789,0.487381703470034,0.751341201716736,314,748,1062,20096,67968,0.29566855,122.81
"205","MMX_3","Morlaix","Morlaix 3",1,6.2,0,1.1425,2.7034,14.4333333333333,12.0066666666667,9.25,3000,0.790371836777704,0.640877598152426,0.468167202572337,0.831870669745963,56,739,795,3584,50880,0.070440252,86.94
"206","MMX_3","Morlaix","Morlaix 3",2,5,0,1.0982,2.6594,13.1733333333333,9.55333333333333,2.83666666666667,3000,0.399872924924482,0.215334008097167,0.350209609803288,0.725202429149799,56,739,795,3584,50880,0.070440252,86.94
"207","MMX_3","Morlaix","Morlaix 3",3,8.6,0.6,1.1541,2.6734,17.3233333333333,10.6166666666667,8.03,3000,0.705132094293853,0.463536655762941,0.72166427546628,0.612853569366946,56,739,795,3584,50880,0.070440252,86.94
"208","MMX_3","Morlaix","Morlaix 3",4,5.4,0.4,1.155,2.6736,12.5033333333333,11.1866666666667,5.33666666666667,3000,0.588307722401937,0.426819514796056,0.18372093023255,0.894694748067187,56,739,795,3584,50880,0.070440252,86.94
"209","MMX_3","Morlaix","Morlaix 3",5,9.8,0.6,1.1565,2.6795,19,10.6633333333333,6.89666666666667,3000,0.616894116862203,0.362982456140351,0.68879096667585,0.561228070175437,56,739,795,3584,50880,0.070440252,86.94
"210","MMX_3","Morlaix","Morlaix 3",6,6.4,0.4,1.1691,2.6722,18.7,12.48,6.84333333333333,3000,0.585454388546887,0.365953654188948,0.524599381501265,0.667379679144385,56,739,795,3584,50880,0.070440252,86.94
"211","MMX_3","Morlaix","Morlaix 3",7,6.4,0,1.1311,2.7224,21.0733333333333,14.9133333333333,9.99,3000,0.682246010665941,0.474058842138565,0.555789473684212,0.707687440683328,56,739,795,3584,50880,0.070440252,86.94
"212","MMX_3","Morlaix","Morlaix 3",8,11.8,0.4,1.1505,2.6556,11.9,7.53,7.16333333333333,3000,0.830416802415737,0.601960784313725,0.92258972554539,0.632773109243697,56,739,795,3584,50880,0.070440252,86.94
"213","MMX_3","Morlaix","Morlaix 3",9,8.6,1.2,1.2219,2.6637,20.5366666666667,10.2466666666667,5.82666666666667,3000,0.544388900147812,0.283720175296218,0.699524133242691,0.49894497646486,56,739,795,3584,50880,0.070440252,86.94
"214","MMX_3","Morlaix","Morlaix 3",10,4,0,1.1368,2.6896,20.03,9.13333333333333,6.10666666666667,3000,0.588526546577773,0.304876019304377,0.782619104620542,0.455982692627725,56,739,795,3584,50880,0.070440252,86.94
"215","MMX_3","Morlaix","Morlaix 3",11,11.4,0.8,1.138,2.7017,16.88,14.4833333333333,8.6,3000,0.671303087633576,0.509478672985782,0.289452495974239,0.858017377567139,56,739,795,3584,50880,0.070440252,86.94
"216","MMX_3","Morlaix","Morlaix 3",12,3.4,0.8,1.1715,2.6303,12.1633333333333,10.7266666666667,4.96666666666667,3000,0.573945794358927,0.408331049602632,0.199629458082437,0.881885448067969,56,739,795,3584,50880,0.070440252,86.94
"217","MPP_1","Saint-Brieuc","Saint-Brieuc 1",1,2,0.2,1.0929,2.7192,22.4733333333333,19.78,11.45,277,0.66563946705535,0.509492732126966,0.244330208648319,0.880154256897065,27.5,222.5,250,1760,16000,0.111764706,136.165
"218","MPP_1","Saint-Brieuc","Saint-Brieuc 1",2,1.6,0,1.0883,2.6319,18.4633333333333,7.45333333333333,3.59333333333333,277,0.454406762333479,0.19461996750316,0.740416946872898,0.403682975266294,27.5,222.5,250,1760,16000,0.111764706,136.165
"219","MPP_1","Saint-Brieuc","Saint-Brieuc 1",3,2.2,0.4,1.1043,2.6811,17.8966666666667,11.8066666666667,6.96,277,0.612030420960473,0.388899236356863,0.556842426089605,0.659713168187745,27.5,222.5,250,1760,16000,0.111764706,136.165
"220","MPP_1","Saint-Brieuc","Saint-Brieuc 1",4,4.6,0.2,1.1185,2.6848,21.51,12.8866666666667,10.0666666666667,277,0.715039648301634,0.467999380133273,0.753568307602679,0.599101193243454,27.5,222.5,250,1760,16000,0.111764706,136.165
"221","MPP_1","Saint-Brieuc","Saint-Brieuc 1",5,3.8,1,1.178,2.6465,20.0366666666667,12.0333333333333,8.12333333333333,277,0.649260591128969,0.405423390450839,0.671796306659209,0.600565629678919,27.5,222.5,250,1760,16000,0.111764706,136.165
"222","MPP_1","Saint-Brieuc","Saint-Brieuc 1",6,3.4,0.2,1.122,2.6631,14.71,12.6033333333333,11.48,277,0.892473289040853,0.780421481985044,0.652218782249753,0.85678676637208,27.5,222.5,250,1760,16000,0.111764706,136.165
"223","MPP_1","Saint-Brieuc","Saint-Brieuc 1",7,0,0,1.0703,2.6841,17.8366666666667,11.1066666666667,6.14666666666667,277,0.575608629947582,0.34460848439544,0.575705731394353,0.622687348159223,27.5,222.5,250,1760,16000,0.111764706,136.165
"224","MPP_1","Saint-Brieuc","Saint-Brieuc 1",8,10.2,0,1.1623,2.6534,21.55,11.8133333333333,5.76333333333333,277,0.507196110807512,0.267440061871616,0.616765202702705,0.548182521268367,27.5,222.5,250,1760,16000,0.111764706,136.165
"225","MPP_1","Saint-Brieuc","Saint-Brieuc 1",9,1,0,1.0878,2.6932,28.2833333333333,15.0066666666667,8.06333333333333,277,0.535062851629519,0.285091337654685,0.656610616551267,0.530583382439601,27.5,222.5,250,1760,16000,0.111764706,136.165
"226","MPP_1","Saint-Brieuc","Saint-Brieuc 1",10,1.8,0,1.1007,2.6852,17.3233333333333,10.5933333333333,8.11333333333333,277,0.710523063044397,0.468347123340389,0.730727470141153,0.611506638445256,27.5,222.5,250,1760,16000,0.111764706,136.165
"227","MPP_1","Saint-Brieuc","Saint-Brieuc 1",11,0,0,1.1121,2.6837,13.4566666666667,10.4833333333333,6.75333333333333,277,0.686330281787076,0.501857815209312,0.443560417702643,0.779043844438935,27.5,222.5,250,1760,16000,0.111764706,136.165
"228","MPP_1","Saint-Brieuc","Saint-Brieuc 1",12,1,0,1.0699,2.6542,15.47,11.0666666666667,4.39333333333333,277,0.483088897078699,0.283990519284637,0.397532350285883,0.715363068304247,27.5,222.5,250,1760,16000,0.111764706,136.165
"229","MPP_2","Saint-Brieuc","Saint-Brieuc 2",1,0.6,0,1.0577,2.6449,19.1,8.72,5.33666666666667,277,0.555047435918774,0.279406631762653,0.754177767013805,0.456544502617801,16,480.5,496.5,1024,31776,0.0269764345,141.76
"230","MPP_2","Saint-Brieuc","Saint-Brieuc 2",2,11.4,0,1.0857,2.6611,19.1266666666667,7.93333333333333,4.68,277,0.524564510368993,0.244684559079818,0.77480387632672,0.414778668525618,16,480.5,496.5,1024,31776,0.0269764345,141.76
"231","MPP_2","Saint-Brieuc","Saint-Brieuc 2",3,3.6,0,1.1392,2.6781,28.1933333333333,17.6866666666667,7.21,277,0.470644192550987,0.255734216126744,0.50071485305798,0.62733506739182,16,480.5,496.5,1024,31776,0.0269764345,141.76
"232","MPP_2","Saint-Brieuc","Saint-Brieuc 2",4,2.6,0.8,1.1169,2.6324,17.4266666666667,7.69666666666667,5.71666666666667,277,0.624582165322326,0.328041315990818,0.830913748932537,0.441660290742157,16,480.5,496.5,1024,31776,0.0269764345,141.76
"233","MPP_2","Saint-Brieuc","Saint-Brieuc 2",5,1.4,0,1.0726,2.6457,16.62,13.5066666666667,5.48333333333333,277,0.511646527834641,0.329923786602487,0.279557018856627,0.812675491375854,16,480.5,496.5,1024,31776,0.0269764345,141.76
"234","MPP_2","Saint-Brieuc","Saint-Brieuc 2",6,2.4,0,1.0969,2.7096,28.5933333333333,17.8633333333333,14.18,277,0.732894941321712,0.495919794823969,0.74444958371878,0.624737701095826,16,480.5,496.5,1024,31776,0.0269764345,141.76
"235","MPP_2","Saint-Brieuc","Saint-Brieuc 2",7,6.2,0,1.1906,2.6417,30.3833333333333,20.7533333333333,10.7266666666667,277,0.567198965481651,0.353044432254527,0.48991012379176,0.683049917718047,16,480.5,496.5,1024,31776,0.0269764345,141.76
"236","MPP_2","Saint-Brieuc","Saint-Brieuc 2",8,4.8,0,1.203,2.6695,46.4833333333333,19.0733333333333,8.23333333333333,277,0.424433034077517,0.17712441735389,0.716601307189543,0.410326281821441,16,480.5,496.5,1024,31776,0.0269764345,141.76
"237","MPP_2","Saint-Brieuc","Saint-Brieuc 2",9,1.4,0,1.1008,2.6597,18.1733333333333,12.3633333333333,7.49666666666667,277,0.6300699154837,0.412509170946443,0.544177333749612,0.680300807043286,16,480.5,496.5,1024,31776,0.0269764345,141.76
"238","MPP_2","Saint-Brieuc","Saint-Brieuc 2",10,7,0,1.1568,2.7243,44.6,36.3233333333333,17.9233333333333,277,0.583139333602831,0.401868460388639,0.310258653005124,0.814424514200298,16,480.5,496.5,1024,31776,0.0269764345,141.76
"239","MPP_2","Saint-Brieuc","Saint-Brieuc 2",11,7,0.2,1.1116,2.6771,30.7133333333333,18.5533333333333,10.4,277,0.574697435776825,0.338615150857391,0.598621595011488,0.604080746689819,16,480.5,496.5,1024,31776,0.0269764345,141.76
"240","MPP_2","Saint-Brieuc","Saint-Brieuc 2",12,4,0.6,1.2108,2.6823,25.9,18.89,8.65,277,0.534769747742305,0.333976833976834,0.406376811594203,0.729343629343629,16,480.5,496.5,1024,31776,0.0269764345,141.76
"241","MPP_3","Saint-Brieuc","Saint-Brieuc 3",1,4,1.8,1.1857,2.6912,31.2333333333333,12.4066666666667,10.0366666666667,277,0.638217218856111,0.321344717182499,0.888189966975939,0.397225186766277,15,978.5,993.5,960,63584,0.015416421,194.95
"242","MPP_3","Saint-Brieuc","Saint-Brieuc 3",2,7.4,0,1.2021,2.7434,43.76,29.81,19.0533333333333,277,0.652881276261268,0.435405240706885,0.564624932541823,0.681215722120658,15,978.5,993.5,960,63584,0.015416421,194.95
"243","MPP_3","Saint-Brieuc","Saint-Brieuc 3",3,3.4,0.4,1.1573,2.6247,15.8733333333333,9.11,4.97666666666667,277,0.555345850109045,0.31352372952541,0.620679106760476,0.573918521629569,15,978.5,993.5,960,63584,0.015416421,194.95
"244","MPP_3","Saint-Brieuc","Saint-Brieuc 3",4,3.4,0.8,1.1574,2.6523,14.17,13.3466666666667,8.68333333333333,277,0.735998214059113,0.612796988943778,0.150060753341428,0.941896024464834,15,978.5,993.5,960,63584,0.015416421,194.95
"245","MPP_3","Saint-Brieuc","Saint-Brieuc 3",5,2.8,0.4,1.1447,2.6709,20.2766666666667,15.7866666666667,6.27333333333333,277,0.49724440980608,0.309386815715929,0.320637943346821,0.778563208942956,15,978.5,993.5,960,63584,0.015416421,194.95
"246","MPP_3","Saint-Brieuc","Saint-Brieuc 3",6,3.8,0,1.1232,2.6611,16.8733333333333,9.09333333333333,5.88,277,0.608522842043857,0.348478862109839,0.707701637355973,0.538917423943106,15,978.5,993.5,960,63584,0.015416421,194.95
"247","MPP_3","Saint-Brieuc","Saint-Brieuc 3",7,1.8,0.2,1.1389,2.6336,18.8233333333333,14.41,5.58333333333333,277,0.486193184411606,0.296617673100762,0.333333333333331,0.765539224366922,15,978.5,993.5,960,63584,0.015416421,194.95
"248","MPP_3","Saint-Brieuc","Saint-Brieuc 3",8,3,0,1.2112,2.6933,43.6833333333333,24.0833333333333,15.0333333333333,277,0.598907018228905,0.344143456695917,0.68411867364747,0.551316291491797,15,978.5,993.5,960,63584,0.015416421,194.95
"249","MPP_3","Saint-Brieuc","Saint-Brieuc 3",9,2.2,0.8,1.1039,2.645,16.1233333333333,10.4966666666667,5.96333333333333,277,0.594507463329959,0.369857349596858,0.55380577427821,0.651023361587764,15,978.5,993.5,960,63584,0.015416421,194.95
"250","MPP_3","Saint-Brieuc","Saint-Brieuc 3",10,3.8,0.2,1.1109,2.6303,12.6366666666667,11.2966666666667,4.95666666666667,277,0.556244241414967,0.392244790292798,0.174479166666666,0.893959377472963,15,978.5,993.5,960,63584,0.015416421,194.95
"251","MPP_3","Saint-Brieuc","Saint-Brieuc 3",11,2.8,0,1.1866,2.6977,29.43,20.7333333333333,10.7,277,0.572491954575591,0.36357458375807,0.464317494216055,0.704496545475138,15,978.5,993.5,960,63584,0.015416421,194.95
"252","MPP_3","Saint-Brieuc","Saint-Brieuc 3",12,4.6,1.2,1.1428,2.6749,26.1266666666667,17.6933333333333,7.30666666666667,277,0.486984317167954,0.279663179382495,0.448104852993272,0.677213574891552,15,978.5,993.5,960,63584,0.015416421,194.95
"253","MRZ_1","Rozegat","Rozegat 1",1,6.4,0,1.1907,2.6758,14.8166666666667,13.5433333333333,8.32666666666667,3377,0.701706382600304,0.561979752530933,0.196199280945053,0.914060742407195,374,499,873,23936,55872,0.428407789,89.72
"254","MRZ_1","Rozegat","Rozegat 1",2,10.8,1.2,1.1483,2.6873,16.98,11.2866666666667,9.84,3377,0.79645688452569,0.579505300353357,0.797385620915028,0.664703572830783,374,499,873,23936,55872,0.428407789,89.72
"255","MRZ_1","Rozegat","Rozegat 1",3,6.2,0.6,1.143,2.6545,14.3766666666667,8.25,7.01,3377,0.745489094430336,0.48759564108509,0.831674208144797,0.5738465105495,374,499,873,23936,55872,0.428407789,89.72
"256","MRZ_1","Rozegat","Rozegat 1",4,7.6,0.6,1.2044,2.694,17.6133333333333,12.5033333333333,10.8633333333333,3377,0.812243571134325,0.6167676003028,0.757037037037037,0.709878879636638,374,499,873,23936,55872,0.428407789,89.72
"257","MRZ_1","Rozegat","Rozegat 1",5,8.2,0,1.155,2.6735,14.5566666666667,11.0533333333333,7.04333333333333,3377,0.675564925478315,0.483856194183649,0.466282165039936,0.759331348752,374,499,873,23936,55872,0.428407789,89.72
"258","MRZ_1","Rozegat","Rozegat 1",6,10,0,1.1927,2.6891,19.7166666666667,13.8833333333333,12.0266666666667,3377,0.808452362224432,0.609974640743872,0.758560901603823,0.704142011834317,374,499,873,23936,55872,0.428407789,89.72
"259","MRZ_1","Rozegat","Rozegat 1",7,6.8,0.2,1.1532,2.6814,18.6133333333333,15.3233333333333,7.76666666666667,3377,0.595795624655479,0.417263610315187,0.303318992009835,0.823244985673352,374,499,873,23936,55872,0.428407789,89.72
"260","MRZ_1","Rozegat","Rozegat 1",8,9.2,0,1.1468,2.6497,11.83,10.5466666666667,6.96,3377,0.7295238670842,0.588334742180896,0.263518138261458,0.891518737672587,374,499,873,23936,55872,0.428407789,89.72
"261","MRZ_1","Rozegat","Rozegat 1",9,7.4,0,1.1511,2.6592,12.4433333333333,10.6666666666667,8.95666666666667,3377,0.845491257986414,0.719796410393787,0.509560229445493,0.857219394588808,374,499,873,23936,55872,0.428407789,89.72
"262","MRZ_1","Rozegat","Rozegat 1",10,7.4,0,1.2066,2.6692,17.92,12.6733333333333,9.18666666666667,3377,0.71894502803241,0.51264880952381,0.60076335877863,0.70721726190476,374,499,873,23936,55872,0.428407789,89.72
"263","MRZ_1","Rozegat","Rozegat 1",11,3.2,0,1.1386,2.6742,13.8633333333333,11.8233333333333,6.90333333333333,3377,0.662475817345185,0.497956239480645,0.293103448275863,0.852849242606395,374,499,873,23936,55872,0.428407789,89.72
"264","MRZ_1","Rozegat","Rozegat 1",12,7.8,0,1.195,2.6796,17.5433333333333,14.0266666666667,8.40666666666667,3377,0.659771707028147,0.479194375831276,0.384896023349137,0.799543986319593,374,499,873,23936,55872,0.428407789,89.72
"265","MRZ_2","Rozegat","Rozegat 2",1,12.2,0,1.2075,2.6688,14.1233333333333,12.04,9.66333333333333,3377,0.818898498902499,0.684210526315791,0.467115097159936,0.852489969317916,346,577,923,22144,59072,0.374864572,89.33
"266","MRZ_2","Rozegat","Rozegat 2",2,4,0,1.0954,2.6503,11.65,6.99666666666667,6.69,3377,0.818863868533049,0.574248927038627,0.938172043010752,0.600572246065809,346,577,923,22144,59072,0.374864572,89.33
"267","MRZ_2","Rozegat","Rozegat 2",3,9.8,0,1.1513,2.6708,17.39,9.83,8.79666666666667,3377,0.767822893684262,0.505846271803719,0.879751745539178,0.565267395054629,346,577,923,22144,59072,0.374864572,89.33
"268","MRZ_2","Rozegat","Rozegat 2",4,7.6,0,1.1333,2.65,10.88,7.43333333333333,5.79666666666667,3377,0.746187638741141,0.532781862745098,0.678032786885247,0.683210784313725,346,577,923,22144,59072,0.374864572,89.33
"269","MRZ_2","Rozegat","Rozegat 2",5,6.8,0,1.1278,2.6688,13.91,13.09,8.6,3377,0.740588064628453,0.618260244428469,0.154425612052731,0.941049604601006,346,577,923,22144,59072,0.374864572,89.33
"270","MRZ_2","Rozegat","Rozegat 2",6,7.8,0,1.1796,2.6418,11.2066666666667,7.39666666666667,5.38666666666667,3377,0.704762142530049,0.480666270077334,0.654639175257734,0.660023795359903,346,577,923,22144,59072,0.374864572,89.33
"271","MRZ_2","Rozegat","Rozegat 2",7,11,0,1.1954,2.6617,12.9033333333333,10.86,7.56666666666667,3377,0.74203744440557,0.586411779901836,0.382885696439722,0.84164298630845,346,577,923,22144,59072,0.374864572,89.33
"272","MRZ_2","Rozegat","Rozegat 2",8,6.6,0.6,1.1563,2.6755,14.5566666666667,11.4566666666667,8.13333333333333,3377,0.734748953542469,0.558735974353101,0.482615464452514,0.787039157316236,346,577,923,22144,59072,0.374864572,89.33
"273","MRZ_2","Rozegat","Rozegat 2",9,6.6,0.8,1.1788,2.6652,17.08,8.97666666666667,7.84666666666667,3377,0.737772530070621,0.459406713505074,0.877617328519856,0.525565964090555,346,577,923,22144,59072,0.374864572,89.33
"274","MRZ_2","Rozegat","Rozegat 2",10,7.8,0.4,1.1685,2.6365,11.8633333333333,7.70666666666667,6.56666666666667,3377,0.778404870851329,0.553526271424559,0.78477029578351,0.649620679966285,346,577,923,22144,59072,0.374864572,89.33
"275","MRZ_2","Rozegat","Rozegat 2",11,9.6,0.4,1.1134,2.6485,10.0033333333333,6.20666666666667,6.04666666666667,3377,0.838190944288751,0.604465178273911,0.959561920808761,0.620459846717763,346,577,923,22144,59072,0.374864572,89.33
"276","MRZ_2","Rozegat","Rozegat 2",12,5.2,0.4,1.1798,2.635,13.2333333333333,10.94,4.16,3377,0.492606376323741,0.314357682619648,0.252755326965464,0.826700251889171,346,577,923,22144,59072,0.374864572,89.33
"277","MRZ_3","Rozegat","Rozegat 3",1,10.2,1,1.1294,2.6796,15.44,12.6133333333333,9.55666666666667,3377,0.776924056671634,0.618955094991365,0.480453257790374,0.816925734024177,837,702,1539,53568,98496,0.543859649,237.53
"278","MRZ_3","Rozegat","Rozegat 3",2,6.4,0.2,1.1904,2.6561,13.93,9.95,7.59333333333333,3377,0.746500742954075,0.545106484804977,0.628090478695423,0.714285714285714,837,702,1539,53568,98496,0.543859649,237.53
"279","MRZ_3","Rozegat","Rozegat 3",3,8.8,0.2,1.1598,2.6824,15.1933333333333,13.46,10.7566666666667,3377,0.827089355919631,0.707985958753843,0.390683696468819,0.885914874945153,837,702,1539,53568,98496,0.543859649,237.53
"280","MRZ_3","Rozegat","Rozegat 3",4,8.8,0,1.1259,2.6709,14.1533333333333,11.28,10.6033333333333,3377,0.889690591680796,0.749175694771549,0.809389671361493,0.796985398021669,837,702,1539,53568,98496,0.543859649,237.53
"281","MRZ_3","Rozegat","Rozegat 3",5,5.2,0,1.092,2.6705,15.1633333333333,11.0933333333333,7.88666666666667,3377,0.717755851961255,0.520114310837548,0.559322033898308,0.731589360298966,837,702,1539,53568,98496,0.543859649,237.53
"282","MRZ_3","Rozegat","Rozegat 3",6,7.6,0.2,1.1824,2.6724,16.2866666666667,10.3533333333333,8.24666666666667,3377,0.738836187888903,0.506344658207121,0.737976782752908,0.635693819074905,837,702,1539,53568,98496,0.543859649,237.53
"283","MRZ_3","Rozegat","Rozegat 3",7,4.2,0.8,1.1586,2.6414,14.6266666666667,11.4133333333333,4.62333333333333,3377,0.504023573421755,0.316089334548768,0.321226257914034,0.780309936189604,837,702,1539,53568,98496,0.543859649,237.53
"284","MRZ_3","Rozegat","Rozegat 3",8,5.6,0,1.1233,2.6824,15.55,12.1066666666667,8.39,3377,0.720426447404195,0.539549839228296,0.480912476722528,0.778563772775994,837,702,1539,53568,98496,0.543859649,237.53
"285","MRZ_3","Rozegat","Rozegat 3",9,7.6,0,1.1321,2.6858,15.9866666666667,10.3466666666667,8.04,3377,0.731113112954712,0.502919099249373,0.709731543624158,0.647206005004171,837,702,1539,53568,98496,0.543859649,237.53
"286","MRZ_3","Rozegat","Rozegat 3",10,8.4,0,1.166,2.6807,14.67,11.3966666666667,9.77666666666667,3377,0.829961382680253,0.66643944558055,0.668937329700266,0.776868893433313,837,702,1539,53568,98496,0.543859649,237.53
"287","MRZ_3","Rozegat","Rozegat 3",11,10.4,0.4,1.2056,2.6926,17.9366666666667,11.6466666666667,10.1166666666667,3377,0.788334438834023,0.564021557331352,0.804347826086956,0.649321687418696,837,702,1539,53568,98496,0.543859649,237.53
"288","MRZ_3","Rozegat","Rozegat 3",12,8.2,0.2,1.1877,2.657,14.3566666666667,9.26333333333333,7.78666666666667,3377,0.769651439728591,0.542372881355931,0.775240994419079,0.645228697469234,837,702,1539,53568,98496,0.543859649,237.53
"289","MTR_1","Trevignon","Trevignon 1",1,4.8,0.4,1.1974,2.6869,18.2666666666667,15.93,12.8766666666667,988,0.829043418175133,0.704927007299271,0.433518862090297,0.872080291970801,208,508,716,13312,45824,0.290502793,329.64
"290","MTR_1","Trevignon","Trevignon 1",2,1,0,1.0674,2.6936,23.0766666666667,12.2166666666667,6.75,988,0.544704021327962,0.292503250036111,0.665169456921191,0.529394771053012,208,508,716,13312,45824,0.290502793,329.64
"291","MTR_1","Trevignon","Trevignon 1",3,3.8,0.8,1.1458,2.6711,27.6333333333333,12.5433333333333,8.30333333333333,988,0.583740154516353,0.300482509047045,0.78065183652354,0.453920386007237,208,508,716,13312,45824,0.290502793,329.64
"292","MTR_1","Trevignon","Trevignon 1",4,1.6,0,1.0721,2.6883,19.0466666666667,16.02,7.69333333333333,988,0.578871989609395,0.4039201960098,0.266588373458604,0.841092054602729,208,508,716,13312,45824,0.290502793,329.64
"293","MTR_1","Trevignon","Trevignon 1",5,6.8,0.2,1.2285,2.6708,20.26,12.7066666666667,10.6066666666667,988,0.758861035851872,0.52352747614347,0.782458563535911,0.627179993418889,208,508,716,13312,45824,0.290502793,329.64
"294","MTR_1","Trevignon","Trevignon 1",6,5.6,0.2,1.2087,2.7154,21.7433333333333,19.17,15.0466666666667,988,0.815913504041992,0.692012877510351,0.384270781483324,0.881649547754102,208,508,716,13312,45824,0.290502793,329.64
"295","MTR_1","Trevignon","Trevignon 1",7,0.6,0,1.0636,2.6954,17.8066666666667,16.3666666666667,11.1733333333333,988,0.75383138466224,0.627480344440281,0.217085427135676,0.919131411456383,208,508,716,13312,45824,0.290502793,329.64
"296","MTR_1","Trevignon","Trevignon 1",8,8.6,1.4,1.2252,2.6799,19.1866666666667,10.5133333333333,9.49333333333333,988,0.764479478642036,0.494788047255037,0.894773039889962,0.547949965253646,208,508,716,13312,45824,0.290502793,329.64
"297","MTR_1","Trevignon","Trevignon 1",9,1.4,0,1.0895,2.6899,26.4566666666667,14.17,9.10333333333333,988,0.604642455577141,0.344084666750661,0.708029197080292,0.535592793246818,208,508,716,13312,45824,0.290502793,329.64
"298","MTR_1","Trevignon","Trevignon 1",10,2.4,0.4,1.1532,2.6872,19.32,11.5666666666667,8.49333333333333,988,0.685983492928329,0.439613526570048,0.716133004926105,0.598688750862666,208,508,716,13312,45824,0.290502793,329.64
"299","MTR_1","Trevignon","Trevignon 1",11,2.4,0.4,1.081,2.6891,22.99,8.43,7.28666666666667,988,0.649476966104451,0.316949398289111,0.927191679049034,0.366681165724228,208,508,716,13312,45824,0.290502793,329.64
"300","MTR_1","Trevignon","Trevignon 1",12,4.8,0,1.1428,2.7214,26.91,22.34,16.3933333333333,988,0.764620417901112,0.60919113093026,0.434548335974642,0.830174656261613,208,508,716,13312,45824,0.290502793,329.64
"301","MTR_2","Trevignon","Trevignon 2",1,7.2,0,1.2229,2.7094,24.0166666666667,20.6466666666667,17,988,0.83530495059244,0.707841776544066,0.480285035629451,0.859680777238029,86,193,279,5504,17856,0.308243728,161.71
"302","MTR_2","Trevignon","Trevignon 2",2,5.8,0.4,1.1497,2.7101,19.8466666666667,13.6533333333333,12.3266666666667,988,0.82462217976434,0.621095062143098,0.823581560283697,0.687940880080615,86,193,279,5504,17856,0.308243728,161.71
"303","MTR_2","Trevignon","Trevignon 2",3,4.4,0,1.1915,2.6968,17.32,14.65,13.44,988,0.892903122467694,0.775981524249423,0.688144329896907,0.845842956120092,86,193,279,5504,17856,0.308243728,161.71
"304","MTR_2","Trevignon","Trevignon 2",4,3.6,0,1.1041,2.7086,22.5033333333333,13.9266666666667,11.9266666666667,988,0.768507380962899,0.529995556213896,0.810904506775921,0.618871278329139,86,193,279,5504,17856,0.308243728,161.71
"305","MTR_2","Trevignon","Trevignon 2",5,6.4,0.6,1.1665,2.7433,32.6766666666667,24.8966666666667,16.6933333333333,988,0.69968472493019,0.510864021217993,0.486757038581854,0.761909619504234,86,193,279,5504,17856,0.308243728,161.71
"306","MTR_2","Trevignon","Trevignon 2",6,6,0.4,1.1713,2.678,20.95,14.4866666666667,12.6933333333333,988,0.809716442704901,0.605887032617341,0.782801776342342,0.691487669053303,86,193,279,5504,17856,0.308243728,161.71
"307","MTR_2","Trevignon","Trevignon 2",7,5,0,1.1449,2.7148,27.39,19.6466666666667,13.5866666666667,988,0.700027300362624,0.496044785201413,0.560975609756097,0.717293416088598,86,193,279,5504,17856,0.308243728,161.71
"308","MTR_2","Trevignon","Trevignon 2",8,5.2,0.4,1.1565,2.7007,25.3733333333333,18.2466666666667,12.8333333333333,988,0.708553469230078,0.505780346820809,0.568314726209458,0.719127693116135,86,193,279,5504,17856,0.308243728,161.71
"309","MTR_2","Trevignon","Trevignon 2",9,3.2,0.2,1.1166,2.6988,27.11,16.9733333333333,10.7566666666667,988,0.631179552525414,0.396778556498218,0.619853240929477,0.626091233247263,86,193,279,5504,17856,0.308243728,161.71
"310","MTR_2","Trevignon","Trevignon 2",10,6.4,0.6,1.1781,2.6842,14.63,13.4166666666667,10.0033333333333,988,0.798852947193554,0.683754841649576,0.262247838616706,0.917065390749603,86,193,279,5504,17856,0.308243728,161.71
"311","MTR_2","Trevignon","Trevignon 2",11,5.4,0,1.2338,2.7142,27.56,23.2333333333333,18.8933333333333,988,0.823017012129036,0.685534591194967,0.499230769230771,0.843009192065795,86,193,279,5504,17856,0.308243728,161.71
"312","MTR_2","Trevignon","Trevignon 2",12,5.4,0,1.2026,2.7449,30.07,21.6833333333333,18.02,988,0.79265347211799,0.59926837379448,0.695988934993087,0.721095222259172,86,193,279,5504,17856,0.308243728,161.71
"313","MTR_3","Trevignon","Trevignon 3",1,7.2,0,1.2431,2.739,35.2666666666667,24.69,21.1933333333333,988,0.801993801329271,0.600945179584119,0.751539554713405,0.700094517958411,95,466,561,6080,35904,0.169340463,302.68
"314","MTR_3","Trevignon","Trevignon 3",2,6.4,0.4,1.2206,2.7176,28.3333333333333,19.7266666666667,15.0266666666667,988,0.739249959496352,0.530352941176472,0.646793587174347,0.696235294117649,95,466,561,6080,35904,0.169340463,302.68
"315","MTR_3","Trevignon","Trevignon 3",3,9.2,0,1.2341,2.7145,34.06,26.53,18.63,988,0.726911052190838,0.54697592483852,0.48801036941024,0.778919553728714,95,466,561,6080,35904,0.169340463,302.68
"316","MTR_3","Trevignon","Trevignon 3",4,7.2,0.2,1.1971,2.733,33.5033333333333,23.7033333333333,20.0733333333333,988,0.797591499803718,0.5991443637449,0.729709605361132,0.707491791861506,95,466,561,6080,35904,0.169340463,302.68
"317","MTR_3","Trevignon","Trevignon 3",5,5.2,0,1.1464,2.6923,19.5333333333333,15.0633333333333,12.1033333333333,988,0.792569788123186,0.619624573378839,0.601615074024226,0.771160409556314,95,466,561,6080,35904,0.169340463,302.68
"318","MTR_3","Trevignon","Trevignon 3",6,5.8,0,1.1891,2.6983,23.3966666666667,17.3133333333333,12.3666666666667,988,0.722753511731985,0.528565322695541,0.551526140828051,0.739991451773754,95,466,561,6080,35904,0.169340463,302.68
"319","MTR_3","Trevignon","Trevignon 3",7,8.8,0.4,1.205,2.6867,31.2133333333333,18.8733333333333,16.95,988,0.787136796259113,0.543037163605297,0.865155410142559,0.604656129859034,95,466,561,6080,35904,0.169340463,302.68
"320","MTR_3","Trevignon","Trevignon 3",8,7.8,0.6,1.2419,2.691,24.81,22.8066666666667,20.4633333333333,988,0.904526703464638,0.824801827220206,0.460889570552136,0.919252989386002,95,466,561,6080,35904,0.169340463,302.68
"321","MTR_3","Trevignon","Trevignon 3",9,5.6,1.8,1.1644,2.7049,21.7233333333333,20.1966666666667,14.4033333333333,988,0.779064269091751,0.663035138867577,0.208561020036421,0.929722264845791,95,466,561,6080,35904,0.169340463,302.68
"322","MTR_3","Trevignon","Trevignon 3",10,6.2,0,1.2102,2.6705,17.7433333333333,14.4966666666667,13.1266666666667,988,0.874987502318805,0.7398083787338,0.70324909747292,0.817020477174529,95,466,561,6080,35904,0.169340463,302.68
"323","MTR_3","Trevignon","Trevignon 3",11,5.8,0.2,1.19,2.6901,23.0166666666667,19.1966666666667,14.8466666666667,988,0.793103539339089,0.64503982621289,0.467564259485924,0.834033309196235,95,466,561,6080,35904,0.169340463,302.68
"324","MTR_3","Trevignon","Trevignon 3",12,5.8,0.2,1.1936,2.6829,23.4333333333333,16.5033333333333,15.3766666666667,988,0.84873651269934,0.656187766714085,0.860157219693843,0.704267425320056,95,466,561,6080,35904,0.169340463,302.68
"325","NBK_1","Keraliou","Keraliou 1",1,6.2,0.8,1.1791,2.6831,20.77,14.8833333333333,9.35,2288,0.656390326782671,0.450168512277323,0.515469935785175,0.716578398330925,80,248,328,5120,20992,0.243902439,57.85
"326","NBK_1","Keraliou","Keraliou 1",2,6.8,0,1.1586,2.6509,17.9166666666667,11.1333333333333,10.5333333333333,2288,0.822399952585629,0.587906976744183,0.918735891647856,0.621395348837206,80,248,328,5120,20992,0.243902439,57.85
"327","NBK_1","Keraliou","Keraliou 1",3,7.2,0.2,1.1395,2.6572,14.9333333333333,10.7266666666667,10.4733333333333,2288,0.881419733119415,0.701339285714285,0.943198804185336,0.718303571428575,80,248,328,5120,20992,0.243902439,57.85
"328","NBK_1","Keraliou","Keraliou 1",4,6.6,0,1.1593,2.6851,15.2866666666667,9.36,8.14333333333333,2288,0.773876977351214,0.532708242477103,0.829678021465236,0.61229829917139,80,248,328,5120,20992,0.243902439,57.85
"329","NBK_1","Keraliou","Keraliou 1",5,9.6,0,1.1961,2.6799,19.6166666666667,15.7666666666667,10.32,2288,0.700914049603383,0.52608326253186,0.414126927214054,0.80373831775701,80,248,328,5120,20992,0.243902439,57.85
"330","NBK_1","Keraliou","Keraliou 1",6,4,1,1.1831,2.6859,17.29,9.95666666666667,6.12333333333333,2288,0.601666199074085,0.354154617312512,0.656716417910447,0.575862733757471,80,248,328,5120,20992,0.243902439,57.85
"331","NBK_1","Keraliou","Keraliou 1",7,7,0,1.1478,2.6711,20.5033333333333,10.9,9.71333333333333,2288,0.750173764567802,0.473744106649326,0.890021624961383,0.531620874654529,80,248,328,5120,20992,0.243902439,57.85
"332","NBK_1","Keraliou","Keraliou 1",8,5.6,0,1.1247,2.644,16.5633333333333,11.3133333333333,5.02333333333333,2288,0.512564538706538,0.303280338096197,0.454939341421145,0.683034815858321,80,248,328,5120,20992,0.243902439,57.85
"333","NBK_1","Keraliou","Keraliou 1",9,7.2,0.2,1.2068,2.6613,15.6166666666667,10.2966666666667,9.58333333333333,2288,0.8296903995436,0.613660618996797,0.8817679558011,0.659338313767343,80,248,328,5120,20992,0.243902439,57.85
"334","NBK_1","Keraliou","Keraliou 1",10,9.2,0.2,1.2188,2.6716,18.4066666666667,12.1933333333333,10.7966666666667,2288,0.803823312628709,0.586562839550888,0.816469557599658,0.662441144512855,80,248,328,5120,20992,0.243902439,57.85
"335","NBK_1","Keraliou","Keraliou 1",11,7.6,0.6,1.1882,2.7081,21.3833333333333,19.5366666666667,12.6166666666667,2288,0.724971824775662,0.590023382696807,0.210646387832694,0.913639906469216,80,248,328,5120,20992,0.243902439,57.85
"336","NBK_1","Keraliou","Keraliou 1",12,9.6,0.2,1.2604,2.71,26.27,17.1866666666667,14.1633333333333,2288,0.763061851518243,0.539144778581397,0.750275330396471,0.654231696485219,80,248,328,5120,20992,0.243902439,57.85
"337","NBK_2","Keraliou","Keraliou 2",1,5.4,0.2,1.1829,2.674,15.7266666666667,13.05,10.46,2288,0.810846647045878,0.66511233573548,0.508227848101269,0.829800763035183,264,808,1072,16896,68608,0.246268657,141.05
"338","NBK_2","Keraliou","Keraliou 2",2,6.8,0.8,1.1518,2.6752,15.3933333333333,11.7133333333333,10.05,2288,0.824339889570258,0.652880034647035,0.688708671241427,0.760935469900389,264,808,1072,16896,68608,0.246268657,141.05
"339","NBK_2","Keraliou","Keraliou 2",3,6.6,0,1.1898,2.6757,18.2466666666667,17.1933333333333,11.5033333333333,2288,0.749953948291255,0.630434782608693,0.15620365793377,0.942272561198389,264,808,1072,16896,68608,0.246268657,141.05
"340","NBK_2","Keraliou","Keraliou 2",4,9,0,1.1749,2.6738,17.79,12.9933333333333,8.62,2288,0.685024337208657,0.484541877459247,0.523082515448931,0.730372868652799,264,808,1072,16896,68608,0.246268657,141.05
"341","NBK_2","Keraliou","Keraliou 2",5,10.6,0,1.215,2.6529,14.0533333333333,11.52,9.71666666666667,2288,0.835476542347862,0.691413662239091,0.584166026133741,0.819734345351046,264,808,1072,16896,68608,0.246268657,141.05
"342","NBK_2","Keraliou","Keraliou 2",6,8.8,0,1.1663,2.6497,12.76,11.13,9.47666666666667,2288,0.858331643689445,0.742685475444096,0.496446700507614,0.872257053291536,264,808,1072,16896,68608,0.246268657,141.05
"343","NBK_2","Keraliou","Keraliou 2",7,10.2,0,1.1598,2.6687,15.4733333333333,13.9966666666667,7.41666666666667,2288,0.633290548714279,0.479319258940113,0.183285064129078,0.904566996984063,264,808,1072,16896,68608,0.246268657,141.05
"344","NBK_2","Keraliou","Keraliou 2",8,5.8,0,1.2106,2.6512,19.1233333333333,10.8666666666667,7.25666666666667,2288,0.632807283800375,0.379466620184766,0.695786516853929,0.568241241066762,264,808,1072,16896,68608,0.246268657,141.05
"345","NBK_2","Keraliou","Keraliou 2",9,6,0,1.1489,2.6395,14.4266666666667,10.1933333333333,7.72333333333333,2288,0.740245503698325,0.535351201478742,0.631526603679768,0.706561922365985,264,808,1072,16896,68608,0.246268657,141.05
"346","NBK_2","Keraliou","Keraliou 2",10,9.2,0,1.1952,2.664,16.4,11.0933333333333,9.09666666666667,2288,0.769047002311025,0.554674796747968,0.726608854404386,0.67642276422764,264,808,1072,16896,68608,0.246268657,141.05
"347","NBK_2","Keraliou","Keraliou 2",11,7.8,0,1.1964,2.6634,15.8866666666667,10.9033333333333,10.0733333333333,2288,0.836728918946304,0.634074695761642,0.857224770642203,0.686319765002095,264,808,1072,16896,68608,0.246268657,141.05
"348","NBK_2","Keraliou","Keraliou 2",12,9.2,0,1.2074,2.6768,21.1566666666667,13.9133333333333,9.86333333333333,2288,0.691389843948032,0.466204506065857,0.641381345926804,0.657633527650856,264,808,1072,16896,68608,0.246268657,141.05
"349","NBK_3","Keraliou","Keraliou 3",1,8.8,0,1.2083,2.6585,17.0833333333333,10.7966666666667,8.60333333333333,2288,0.737604793549768,0.503609756097562,0.741352201257856,0.632000000000003,1342,691,2033,85888,130112,0.660108214,277
"350","NBK_3","Keraliou","Keraliou 3",2,7.8,0.4,1.2667,2.6852,19.1933333333333,15.79,12.2666666666667,2288,0.791845033892214,0.639110802361934,0.491337824831569,0.822681486627303,1342,691,2033,85888,130112,0.660108214,277
"351","NBK_3","Keraliou","Keraliou 3",3,9.6,0,1.1318,2.682,20.0466666666667,12.1066666666667,9.74,2288,0.7311677932695,0.485866311938809,0.77037516170763,0.60392417692052,1342,691,2033,85888,130112,0.660108214,277
"352","NBK_3","Keraliou","Keraliou 3",4,9.2,0,1.1961,2.6837,18.3233333333333,14.0033333333333,12.0866666666667,2288,0.828817782379405,0.659632526832821,0.692677712453241,0.764235037293069,1342,691,2033,85888,130112,0.660108214,277
"353","NBK_3","Keraliou","Keraliou 3",5,7,0,1.1474,2.6375,15.0966666666667,10.7766666666667,9.39333333333333,2288,0.815501286968424,0.62221240892029,0.75745178258328,0.71384411569883,1342,691,2033,85888,130112,0.660108214,277
"354","NBK_3","Keraliou","Keraliou 3",6,13.6,0.2,1.1629,2.6798,22.39,15.5933333333333,10.6833333333333,2288,0.688874592791127,0.477147536102425,0.580580865603646,0.696441863927347,1342,691,2033,85888,130112,0.660108214,277
"355","NBK_3","Keraliou","Keraliou 3",7,6.2,0.2,1.1904,2.6682,22.4233333333333,15.4766666666667,11.0166666666667,2288,0.7045431640309,0.491303701501414,0.609000584453534,0.690203656905012,1342,691,2033,85888,130112,0.660108214,277
"356","NBK_3","Keraliou","Keraliou 3",8,5.2,0.4,1.1514,2.6574,17.3533333333333,10.4966666666667,7.10666666666667,2288,0.652077465479459,0.409527468305802,0.66916070266753,0.604878985785635,1342,691,2033,85888,130112,0.660108214,277
"357","NBK_3","Keraliou","Keraliou 3",9,4.4,0.2,1.1682,2.6562,17.2433333333333,14.61,10.62,2288,0.76499605923619,0.615890199110769,0.397584297936585,0.847283974482893,1342,691,2033,85888,130112,0.660108214,277
"358","NBK_3","Keraliou","Keraliou 3",10,5.6,0,1.2343,2.655,19.8966666666667,18.0666666666667,10.88,2288,0.690557444615742,0.546825263863293,0.202957486136783,0.908024794772994,1342,691,2033,85888,130112,0.660108214,277
"359","NBK_3","Keraliou","Keraliou 3",11,4.2,0,1.1282,2.6774,16.7933333333333,9.63,8.17333333333333,2288,0.744752109854827,0.486701071853911,0.831013147718483,0.573441842000795,1342,691,2033,85888,130112,0.660108214,277
"360","NBK_3","Keraliou","Keraliou 3",12,7.4,0.6,1.2072,2.7055,23.95,19.9633333333333,16.08,2288,0.814725240077521,0.671398747390397,0.506565014824231,0.833542101600555,1342,691,2033,85888,130112,0.660108214,277
